,APL,Assembly,Bash/Shell,C,C#,C++,COBOL,Clojure,Crystal,Dart,Delphi,Elixir,Erlang,F#,Fortran,Go,Groovy,HTML/CSS,Haskell,Java,JavaScript,Julia,Kotlin,LISP,Lua,MATLAB,OCaml,Objective-C,PHP,Perl,PowerShell,Python,R,Ruby,Rust,SAS,SQL,Scala,Solidity,Swift,TypeScript,VBA,Cassandra,Cloud Firestore,CouchDB,Couchbase,DynamoDB,Elasticsearch,Firebase Realtime Database,IBM DB2,MariaDB,Microsoft SQL Server,MongoDB,MySQL,Neo4j,Oracle,PostgreSQL,Redis,SQLite,AWS,Colocation,DigitalOcean,Firebase,Google Cloud,Heroku,IBM Cloud or Watson,Linode,Managed Hosting,Microsoft Azure,OVH,OpenStack,Oracle Cloud Infrastructure,VMware,ASP.NET,ASP.NET Core ,Angular,Angular.js,Blazor,Deno,Django,Drupal,Express,FastAPI,Fastify,Flask,Gatsby,Laravel,Next.js,Node.js,Nuxt.js,Phoenix,Play Framework,React.js,Ruby on Rails,Svelte,Symfony,Vue.js,jQuery,.NET,Apache Kafka,Apache Spark,Capacitor,Cordova,Electron,Flutter,GTK,Hadoop,Hugging Face Transformers,Ionic,Keras,NumPy,Pandas,Qt,React Native,Scikit-learn,Spring,TensorFlow,Tidyverse,Torch/PyTorch,Uno Platform,Xamarin,Ansible,Chef,Docker,Flow,Homebrew,Kubernetes,Pulumi,Puppet,Terraform,Unity 3D,Unreal Engine,Yarn,npm,Android Studio,Atom,CLion,Eclipse,Emacs,GoLand,IPython/Jupyter,IntelliJ,Nano,Neovim,NetBeans,Notepad++,PhpStorm,PyCharm,Qt Creator,RAD Studio (Delphi_C++ Builder),RStudio,Rider,RubyMine,Spyder,Sublime Text,TextMate,Vim,Visual Studio,Visual Studio Code,Webstorm,Xcode
Academic researcher,4.064712042166196,0.837853520342509,-0.22571073107871806,0.6952032899057349,-0.9818179342803288,0.6144333563728144,-0.6262177251040497,-0.20346925072440544,-1.1847213080562968,-0.7311978071721785,-0.15082629662541228,-1.0397239396770068,-0.18653974190102027,-0.8952571518926091,2.320042660987782,-1.0540545702898596,-1.1152700799670994,-1.188322150593719,2.356517802360575,-0.8577391689382817,-1.4469937913947437,2.649901468350708,-0.8841160505725603,2.591479016645295,-0.026480403168648557,2.782764682676093,3.027766011242121,-0.42875098492090563,-1.0038924696546236,0.07662573255253247,-1.2741945912667685,0.5720052225105617,1.8067833909854079,-1.171045114301112,0.07064587613715682,0.47731628730614173,-1.7320380934352109,-0.34334545731260163,-0.29552916055120637,-0.48233264147367655,-1.4080674683785728,-0.7597025487129633,-0.8661604824219616,-0.9798296831344993,-0.6386771220482286,-1.5643573861294815,-1.3906404576461746,-1.4514707950353851,-0.8345305389422505,-1.2278873338049998,-1.1579784914267044,-1.196080149407496,-1.3890510335402289,-1.2910498329638813,0.10656721563751576,-1.5298107395032596,-1.6990245239668773,-1.5838810501078113,-0.9879662255278225,-1.8372307503284466,-0.708703093819303,-1.2845849226276702,-0.9227023437840312,-1.3331420353426116,-1.1762097642928317,0.7920891906850651,-1.6202249612172515,-0.8207748206718913,-1.3693233320901228,-1.5546429276885063,0.03334715266415468,-0.5089829832993182,-1.109838371109614,-0.980158668161314,-0.963459292567045,-1.2661784778576382,-1.3925913794518816,-0.9187606989961713,-1.0391799007733369,-0.5207187312352413,-1.1635503093417712,-1.1445057836139343,-0.5114569469706837,-1.007012849383926,-0.01372013725498442,-1.0383967828833263,-0.9846420708653257,-1.0774644613656228,-1.176067167202721,-1.0504399277282035,-0.8989417666425388,-0.35701005287066495,-1.2100273695524013,-1.0261786345736477,-1.2449180098627473,-0.9283030705702658,-1.147240875905803,-1.1532676516010287,-0.9665821779263103,-1.1909959998858815,-0.259191340913359,-0.927935550139431,-0.9210447115919296,-0.7333233185591177,-0.7871220638190348,1.323896218596987,-0.12088635663994673,1.1656608914022641,-0.8400994907991288,1.4009097209659023,1.5641099920209327,1.1932464730886296,0.8858770727363482,-1.0858604947422448,1.3759662127090289,-0.9666829235646245,1.4274024081979033,1.8448965062343954,1.6596681483796836,-0.599563894259527,-1.068338584951534,-0.6500760429229868,-0.7888713108396214,-1.5008782220836436,-1.05042985108199,-1.2439380987808766,-1.3680876828375086,-0.8357050646059687,-0.8046314303488967,-0.9269434275631887,-0.27888226272877575,-0.39672183205581635,-1.2523691927939282,-1.3064696964621236,-0.6600101238782227,-0.09738849899035715,0.4788542088546033,-0.7797878101749561,1.6577915229568767,-0.9699297506040997,1.1511426623033698,-1.0236435120984244,-0.11706393261164241,0.48473209190037353,-0.9196374372201808,-1.5028475098855572,-0.940243696482708,0.2602875549599868,0.3400048229429119,-0.1570005524024333,1.7266676784000219,-1.0031848218996031,-1.1067210430622336,1.2405365477008976,-1.2845004172384744,0.9604751751033234,-0.22258968114149905,-0.9833562911039851,-2.118117794584013,-1.2212643703316628,-0.664082364272144
Blockchain,0.8716016429144141,0.4056551684363751,-0.6815491057346352,-0.17794526487482545,-0.9077023065076361,-0.33135171231105087,-1.5386640381247052,0.1868997303888519,-1.3461404757843503,-0.06976829646667043,-0.7729925327812773,0.9790062645636967,0.6732776083895392,-0.5774028453238763,-0.4602358911560679,0.75759663192208,-1.0234903694209052,-0.42568238396583535,2.9634453682256754,-0.8448290095799523,0.14295666159150944,-0.17554330367986387,-0.1869913912778251,0.4337991476915643,-0.06925132131767676,-0.5669175349483305,2.613085189040828,-0.14583809799138295,-0.6378491701500396,-0.8531956338602876,-1.284667614343037,-0.6228293003638148,-0.4045692864953405,-0.33372123491875455,3.2587698765354998,-0.6477879129879941,-1.1848452974494497,-0.2917160661043884,5.0598120872803865,-0.12116657263409085,0.6281109954038941,-0.9785774908253341,-0.27339327814639364,0.5345621658401686,2.87732519295164,-0.8476989318142021,-0.10733642160602877,-0.5352891337048542,0.17253797553846145,-1.1954091867154402,-0.5864122986648053,-0.9714788430291051,0.7217333326269775,-0.718304532970307,0.3499707169029337,-1.1269375027801998,0.6416789499654201,0.38873120007402545,-0.5602529813657605,0.5250949206644501,1.4110131634055156,1.6497418572109874,0.23407672726711484,0.3526108186672548,0.8039039876219382,1.4699746457624292,1.1534128135917279,-1.0441048521091514,-1.020172180855841,0.7431787634931118,-0.5175974868607072,-0.5465439554572666,-1.0994257643908458,-0.7932617919450039,-0.7198369238469358,-0.6567428696958754,-0.8235038826226533,-0.7339709034947093,0.9417548526095916,0.041960051185948075,-0.1740363095212489,0.8774409306077331,0.34417428214286355,2.1578530645967127,-0.15142645442751618,0.9194602859554023,-0.3775430928231632,1.706875400467566,0.7027733698018771,0.4994212022148407,0.7844717982875941,-0.11568668696435828,0.7698914092205807,-0.43480105030745386,0.6778349541352489,-0.8038246317827957,0.0602003818831842,-0.7028088410446444,-0.8140351577679928,-0.49073356665207274,-0.6120708563487912,-0.28259214366875846,-0.5752587379544415,0.06771506724508881,0.004495311526484572,-0.3205613281112973,-0.6010192221706887,-0.21606793621501216,-0.06126126477901115,-0.2932326151530236,-0.38037554656083233,-0.3386348199385688,-0.26948299528292824,0.6034699880618122,-0.3491759430384022,-0.8061956018052471,-0.30689286884853845,-0.40991064861550963,-0.3997378916461024,-0.44724600448919594,-0.8728128647973787,-0.09641615848883639,-0.2660685729957847,0.4736245616370362,3.725104080800192,0.9622860893799973,-0.0009109578122786391,0.360498957487721,-0.1426336585006815,-0.1260026971030546,-0.26973563827670455,-0.1488808176412768,1.5043540518438607,0.4799602331232801,-0.09099440616643914,1.1383646733286235,1.0696247475812366,-0.8969134877347565,1.14858817297632,0.8439398351334642,-0.37918290395418813,-0.5530607251897295,-0.04644177089801205,1.7531595959390753,-0.9587888613343863,-1.8714698786097403,-0.5361443152899026,-0.7708451356515359,-0.37162322531962794,-0.6849542237862802,-0.54723295441894,-0.8596140312633691,-0.5573607281512756,-0.6150599471350767,-0.5955377742118487,-2.168141115428085,0.2953066579482688,-0.8476962757577794,0.1833755275495899,0.7019107780609277,-0.031829228154709316
Cloud infrastructure engineer,0.5481525826767428,-0.26583416486326594,1.9661743247683343,-0.5410705476374215,-0.3136091346924496,-0.6101397141098445,-0.2981620380671159,0.9285648489256699,0.24886508394669968,-0.576716879852847,-0.7140306491453768,0.6946747466858131,1.2231520275951333,0.19667951486024127,-0.45407203099574683,2.1224375429922877,1.3581993582874647,-0.5895984510448207,-0.531979152050963,-0.10024085470701373,-0.3212954299572025,-0.4188006450353409,-0.24192480723113224,-0.35684212623200173,0.26311078120469517,-0.7098914830835928,-0.11055734166563236,-0.35337844015416625,-0.6423434028810675,0.7587297353284898,0.7160549279321701,0.32171755946174635,-0.5059370664125218,0.7753499491585187,0.7084260789785224,-0.4504645110017787,-0.22937736301057027,0.6201905849063608,-0.24107667281867232,-0.32507850236570834,-0.0030158281427492017,-0.8969310111467754,1.0550782911163643,-0.07642623187900952,0.37511592762401225,1.7335195245154622,3.1906430719153556,1.3318061284907572,-0.7212546038018289,-0.4361036821543688,-0.20936823577364286,-0.31877574504528366,-0.23355241914418548,-0.41572291586798665,0.7578833911359635,-0.8587072527710103,0.792466279967116,1.0432072424609424,-0.8373367749135112,1.9483435760521441,1.4690630160019993,0.059364650574714954,-0.5803188694055215,1.7649458355555725,-0.8271697445097991,1.7561893998416436,0.6315505689741813,0.1480915132423435,0.8127632601379461,0.2116497907617397,2.5334007230651285,2.288331970950883,0.5885010601862397,-0.34902636830393785,-0.048795889698705186,-0.25195345597330987,-0.6243056867709464,-0.1895434217859717,0.40499124953773213,-0.12084148764968433,0.09602425656863897,-0.257652527075111,0.6244051139705067,-0.22902818076307677,0.5551527371525804,0.06500431170806109,-0.6343837666037915,-0.46246701848635074,-0.14680102678689,-0.5930122573282816,0.5200208529558319,0.7898934009636117,-0.35839036490645365,-0.011738339773529154,-0.33214528593674947,-0.42742968820445937,-0.42457145062727114,-0.8774554417506657,-0.18102892855993374,0.9806227060871908,0.31231988006354233,-0.2578232382047145,-0.7243313176601053,-0.7002703286853069,-0.6299309291326903,-0.4137269509046692,0.03844743484119553,-0.22304608219960667,-0.5955042298012774,-0.3683229555140282,-0.38946617311978454,-0.2296113866242828,-0.7204816005719676,-0.5197714822962647,-0.3829081732825836,0.1385344629071456,-0.4190337683143415,-0.40133073617357945,-0.26637557090962916,-0.7302619947173313,-0.46578172725820066,1.7827679295982821,1.868726810022678,1.353474749463545,-0.35084727110079883,1.1512809706576996,1.9638531598779758,2.9136079007376487,1.8746950366891435,2.805073533298384,-0.4980023736160029,-0.3000103756295523,-0.3216674681672174,-0.2675067205540034,-0.6800149353533897,-0.8048687716534848,-0.44591336009460364,-1.0077241748134458,0.5737268671101835,2.0881497382596583,-0.2744959852043646,0.161687373919363,0.7195370599959794,1.0462844553670734,-1.225128040102691,-0.805575770542667,-0.6325094390289299,0.10996852783262154,-0.6267760453141131,-0.7267329592573099,-0.44519196555101564,-0.05343082772334994,0.6916666764018824,-0.5236618406878333,-0.5147787530165513,0.3523299482558234,0.8576984912285682,-0.5948149574250303,0.018064980606064783,-0.25719970248903107,-0.4199184495544578
Data or business analyst,1.2108098334187507,-0.7506775781898112,-1.0241539005299252,-0.7761040306174284,-0.5412876882360035,-0.8548114831717156,2.0987862785738147,-0.8858793510077809,2.1187415887590775,-0.8145972256959164,0.9895881652702251,-1.3898289831826838,-1.3104036627269526,-0.7555408519964524,-0.07303868602302437,-1.2164462646390393,-0.8485108664294656,-0.798542012301812,-1.2201126118436254,-0.9173033162419845,-1.0962517899633764,0.41878938527893306,-0.9746528574210069,-0.5925126997905209,-1.0814427829432058,0.18687819621895654,-1.4160029454950918,-0.4003422138563611,-0.7266882309853927,-0.15688571554811656,-0.03700242433588978,0.3934766065369359,2.2539886479051066,-1.5365461791116894,-1.601113612571236,2.8350379241044394,0.7541603241748097,0.38638939012061835,-0.3510161687311066,-0.3385631239354879,-1.3462554645620575,3.814836644629682,-0.2949599768856114,-1.0078343233497542,-0.8099313724227841,-0.3824979556709499,-0.9567788434662776,-0.9773568365427352,-0.9370610717908407,2.5962413402271083,-0.7110309332034137,0.6833433358173346,-0.9883929680278184,-0.3492386312719266,-0.2437731773834612,1.3163354057109897,-0.7524654014563608,-1.3460236851025733,-0.7471277934392798,-0.9989911478948416,-0.9667281969753974,-1.407604914311361,-0.8615610584803098,-0.5181536102747576,-1.06107877870643,1.7282838009343233,-1.2624788793997561,-1.0832285469968719,-0.08011441634181699,-1.3315111715858767,-0.7037223029797207,1.4977975451761065,0.01015069847681285,-0.39308606774677063,-0.6059694610734249,-1.0538813839112529,-0.7664884919964894,-0.299729615899304,-1.3826457964562315,-0.12812062637209082,-0.28060062648009776,-1.1682130723621122,0.08550168755470827,-1.0232572990148003,0.34458561940115373,-1.023449045429479,-0.926429439441608,-1.1092307518197086,-1.179928248201727,-1.2110509736389605,-1.2958160873399869,-0.9935100783162139,-1.2109715748434198,-1.4240251592822513,-1.3104477372695251,-0.8399635518764424,-1.1979906117382255,-0.5830771289193726,-0.45543309782862373,-0.43329588285389614,1.2042262847186909,-0.8604698539813758,-0.8497985700060433,-1.395626115042128,-0.8115954908053066,-1.358662553869415,1.7408027387982783,0.3694671756534008,-0.8431645418288206,0.814057656613426,1.1159761807552788,1.5327364275135373,-0.5499029943285035,-1.0512237378513656,1.1063279271087367,-0.8324922422326647,0.7105081236105705,2.0394968830048894,0.48158809114038,0.2535254321106923,-0.5962993749983847,-0.8047843677227802,-0.6413252494262058,-1.7578119510352057,-0.16687167450349238,-1.6654489630348583,-1.1404769668049077,-0.9024576189697362,-0.8795930358083258,-0.8289800947668228,-0.5032626417042103,-0.5845063011539932,-1.1765752073342592,-1.2627255688971792,-0.7961140708463,0.5799489444888536,-1.3160123081558595,-0.4417974324201182,-0.9708120631867518,-1.3515329211012885,1.6574058382846277,-1.005965654254012,-1.821775699324691,-1.560199970242096,-0.5554536540447682,0.5286629933212537,-1.0255801851266266,0.4149188514139726,-0.6313867433953456,0.8630852403574969,2.3785660922491565,-0.9455455183075387,-1.7166165780109572,2.4596176358152153,-0.931036276296719,-1.9613124266251303,-1.2366791309196696,-0.32181057766477944,-1.700411037280814,-1.4734553557800627,-0.6185133909379452
Data scientist or machine learning specialist,-0.33063623965032973,-0.4900448041339453,-0.09670420920131165,-0.25116172844440604,-1.0265239959360113,0.13143377451525015,-1.0441821420498874,0.0862364965800846,-1.672301762623742,-0.8103632545323719,-0.7364509489265939,-1.3605176395760874,-1.2210199879151686,-0.8429780463320289,0.41078478093224563,-0.9176295874135388,-1.116133005269562,-1.215132408833374,0.6955552085099677,-1.062515090623122,-1.4145787766002424,1.883449855696317,-0.9708979564626328,0.7484521447504443,-0.4221560071743042,1.3494226231476372,0.14433536545012965,-0.4937071651296362,-1.311681312556582,-0.7559673964954711,-0.7946114251549534,1.9923951981894275,2.941389839508673,-1.3446839626774358,-0.5016477730494691,3.585333759289698,-0.16955919132511268,0.8334047594092391,-0.28198607182742996,-0.4485968327898893,-1.4583462955273172,0.010882503894421379,-0.07063805947204285,-0.935530243819294,-1.4724435142249512,-1.0827778138463793,-0.7108480670069437,-0.4003403843790878,-1.0031904267787326,-0.20749169547229834,-1.3104206998143153,-0.5759422004102205,-0.7929237688874748,-0.6754758628447278,1.913140073680015,-0.4187266027600618,-0.48506858132476643,-1.025291491359558,-0.5684020195219593,-0.14743251487700873,-0.2822720422155839,-1.1431929857892171,-0.909885671059104,0.756863896665697,-0.670450872584514,1.5650567601052419,-1.719390610431508,-1.1079013131313047,-0.27887696864580763,-1.3233503341117057,-0.21997442357037927,-0.4791536073848237,-1.415422255174482,-0.977287896838155,-0.9926228067340684,-1.4119126981557777,-1.5301966146656665,-1.0910597367301238,-1.4190233041159086,0.41313488919066466,-1.2313805760567302,-1.2267896625210528,2.3260799590618464,-0.9644659362864122,2.2566986366812563,-1.0156144655860944,-1.2089392600209152,-1.0248408975837573,-1.3243985788400312,-1.3032412114796468,-1.2812310626921795,-1.0296013666030979,-1.1905434270075066,-1.3434293170633067,-1.1547987272102724,-1.164521025678148,-1.292610120355513,-1.1870939526680426,-1.0029498026771864,-0.02098219650428596,2.1438543813064075,-0.8722987042956666,-1.1249093514244661,-1.3850420734646423,-0.8675545034273106,-0.548774124477236,2.2582955980675683,4.610002539901281,-1.3024840083001334,4.2157375455820665,3.3587730106145806,3.3467179122851616,0.1602991055898786,-1.1116348190294416,3.950639578063642,-1.0327822554691029,4.116473190447726,2.9950193795902025,4.077134636270546,-0.9970921186725228,-1.2499536990193012,-0.5947126115420789,-0.738405638641887,-0.4302674616907714,-0.5711189678475358,-0.6782019053050905,-0.5116612251022523,-0.5140624610734932,-1.045377011301125,-0.5415802768549116,-0.4509341860416458,-0.47222938187175795,-1.1650923565720022,-1.4069946781228055,-0.8211303013896856,0.4041762150049802,-0.23047752391716086,-1.088431828581645,0.5744250973510225,-0.981800623188627,3.5529095778147344,-0.9249018527836417,0.0062409360232042075,-0.40139139258741935,-1.0907554479726727,-0.7248123279803284,-1.2380544520936245,2.22112722796835,-0.05026779129988635,-0.6771208200837361,2.982696313195276,-1.0569431805071405,-1.3189048925688982,2.952187033863483,-0.3381374345901592,-0.29226038198938753,-0.16174903850620642,-0.9189547848772975,-0.8688186065607052,-1.4913072517125516,-0.7215161897655147
DevOps specialist,0.2492238080047796,-0.5405647790446753,2.184604520926601,-0.4879052428403365,-0.09812873300201855,-0.6869839849369863,-0.5528916976743459,-0.005229958023687946,0.5818357002874013,-0.5577664433437448,-0.7096485851789677,0.21816465818975314,0.15788967495547987,0.49557261225186516,-0.44150260079143505,1.2558668825858081,2.8354948800643087,-0.322613037880424,-0.4370629037589846,-0.06815462044221268,-0.21218841824610826,-0.4195884958240215,-0.0753841758776667,0.07053075525059316,0.020412030458781514,-0.6691972664164627,-0.09202438025331378,-0.485170480629621,-0.32652535652596143,0.8599995188610999,1.9038143390363569,0.15180937149136214,-0.472445229854641,0.8376753693698409,0.018515296017176195,-0.7173056941322922,-0.11855030697025178,-0.1461469068106341,-0.2847307851947874,-0.38466778175217176,-0.13805080767506922,-0.5323754021735922,0.5082702284091298,-0.6522363975331044,1.2519585965523465,0.6639826659411527,0.7479756628662948,1.3946613206423006,-0.7482570997508015,0.45732058360247096,0.5502309863716558,0.07916619103390694,-0.22316420007616874,-0.41042832650954575,0.03524369484345449,-0.08101315007440932,0.6270631985519473,0.8834652742468722,-0.31801556703621864,0.6861297699072093,1.266587401204183,0.5269183026231212,-0.6978812347409018,0.5252592115539291,-0.7388919374133089,0.43722863617390983,0.6558080674120474,1.1801482538952668,0.993344304901001,0.6150501875436897,2.043281533612358,1.55808332159316,2.2369235159501275,-0.03933318865656211,0.17266188374054173,-0.12987987256970399,-0.3874398097567007,0.030088914759652224,-0.18963443225375146,0.013034473096367879,0.7178187461793838,-0.4513228707068381,0.40037575153958993,-0.36680076096795006,0.3772317477898148,-0.28438896828132215,-0.5173059402094151,-0.46270878507728325,-0.26004887202798926,-0.22498222745703397,0.317683909361919,-0.14510040791906056,-0.4680644927398807,0.30634966966372135,-0.1392149591772903,0.31677664836110414,-0.1831652176985187,-0.4778905954913816,0.075710350130441,0.5761602277013043,-0.09451862065664231,-0.24577433411865757,-0.2960713159741828,-0.30975100071090417,-0.5802847380796182,0.43151638706566164,-0.19892793441189682,-0.2734725301575453,-0.47341914617808256,-0.4580243321548131,-0.5179798737102812,-0.4268094293630432,-0.3904909630219547,-0.5891899032363287,-0.465094867981846,0.2381249900759824,-0.4657415219789438,-0.39108307432670847,-0.4404442489647666,-0.39776680482568594,-0.24957957719558083,2.693956218697496,2.0080272453216335,1.283565343831784,-0.3050689354219892,0.18162283699873394,1.811791379780825,2.2695130047176533,2.27273715049448,1.969359068476561,-0.506356293072041,-0.4284388654345191,-0.2500138111018974,-0.1536182473322077,-0.6324263809242288,-1.0954244673219995,-0.515466040166998,-0.5467037247669556,0.39066823769619785,1.1364394020366666,-0.4637400555012187,0.0349025010375202,1.589856737364391,0.9707685500082942,-1.0599095984650426,0.062332350919646305,-0.16919471200559202,-0.08964608696739929,-0.36874136364885907,-0.6948348540972483,-0.42970760925382034,0.10732515458794409,0.6596187971967875,-0.6452208017199992,-1.1214040756520642,0.9956911666502071,0.947516270711146,-0.3199078141118599,-0.022210759217958176,-0.24551060927890886,-0.42730989704617445
Developer_back-end,-0.29694510661647966,-0.4675415422100998,-0.2353230199602199,-0.41151974496552796,-0.032827128259217936,-0.4446044381408434,0.18937159224589867,1.095425916006246,0.32504087434360823,-0.2948069545253104,-0.18006653249735904,1.2354942127055992,0.9975806792819458,0.21911914930777157,-0.3642784619527726,0.32266978912087263,0.163930836868309,-0.23578836193484864,0.07314850037262975,0.2864992621332272,-0.0750493682946593,-0.4092563209440831,0.06725813694275548,-0.3370164600837518,-0.3823069272200956,-0.608884538992286,-0.13226371594274433,-0.39266501795809083,0.15673184853101396,0.06459721367508445,-0.3359425135878065,-0.4973359904408406,-0.4962042141851391,0.5333547447125089,-0.02480178151073263,-0.5261501069247628,0.310616623475048,0.25190623128490325,-0.19216432627820396,-0.30561600148261286,-0.16278904929873142,-0.39423963088955377,0.4996232779880205,-0.4755880960476791,-0.2759293360833712,0.5400117548516759,0.2794869061840333,0.4405830658739657,-0.3870915134568301,0.29597357132362556,0.0838546582347441,0.04698346385951368,0.020916983156918374,0.10347012836267468,0.013342987061554394,0.3176302231688299,0.5919527521177388,0.6158412286422176,-0.45827071762855154,0.3976292504979382,-0.11692806367380007,-0.0013135379505940501,-0.3602698551525264,-0.18530647538984524,0.024137463057905508,-0.7509422143788371,0.03554792482584252,0.10930705682340129,-0.06263912678652764,-0.2841054138153937,-0.2333799506519256,-0.2604958484622092,-0.6481029291525845,0.037974447908831796,0.13561845975277476,-0.12514177633469903,-0.19005129093916917,0.07572183544623472,-0.2425758338472697,-0.02828603632985155,0.15206491117677282,-0.1982514330444938,0.03315404809862799,-0.109177941585422,-0.3039954789903364,-0.43705219305135073,0.2951632826927005,-0.3192025510446137,-0.25242595926787603,-0.25913295703949973,1.5755076319550476,0.42404556512501945,-0.20918965334592318,0.715130150741383,-0.3588355738700134,0.49247893754328687,-0.17350818585041922,-0.05498650066971824,0.035405580399507405,0.7062639336688116,-0.1469506218277265,-0.5106277831180267,-0.5548678911405481,-0.695160333285817,-0.33110793872245187,-0.41246025720598645,-0.23711179995245726,-0.3301152539451999,-0.5324001016010961,-0.41662403855107993,-0.5138913389641991,-0.4594499133499412,-0.48543641200765214,-0.45872481147765987,-0.42888084184367437,0.6738557021886578,-0.5610581134676289,-0.4447905808130205,-0.4525044741112988,-0.3692122383519106,-0.21229435355193618,-0.056478399534293094,-0.12679568774018274,0.46754220533243496,-0.5994089049824028,0.18453935230797258,0.4148586155613901,-0.04697093582030746,-0.11098137471657037,0.07679298608465555,-0.3234798123018691,-0.3699179861607441,-0.18239877690791673,-0.1329834504616758,-0.3958336260062573,-0.7204406105817406,-0.23426634357711465,0.01243152253102832,0.15269896615254833,0.6479387604201533,-0.42579092447173156,0.3665929003669237,-0.5110612864488392,0.09548475622293423,-0.17791091419808688,-0.09371426365713921,0.44352332109223835,-0.25539891810216475,-0.3821303037152185,-0.17044038914543957,-0.4579172396845256,0.07803519264317782,0.8321904788188931,-0.5244771323443395,0.14930348829532,-0.15227979480952367,-0.09917301303888292,-0.10531540706292132,-0.08333541112960356,-0.2157811855884701,-0.40177947640569117
Developer_desktop or enterprise applications,-0.04685178653125081,0.30768248662874326,-0.7312499943169689,0.3130564664205902,1.0665731122029716,0.7609417555388122,3.1902783454568056,-0.6389338820220437,0.6100335336448343,-0.36806922175664186,4.556253461425745,-1.3829640154297276,-0.997314704644183,0.9822472712696323,0.019801589367700448,-0.9155573266335564,-0.28833861646566683,-0.3868463035319429,-0.7345526618105368,-0.07394699589041417,-0.5441632506547676,-0.4228300237673739,-0.4174608109005879,-0.13844223126320543,-0.2971319646083262,-0.18371416451591968,-0.6285780976466772,0.20593504365506188,-0.5763756345885349,-0.20982278527048293,0.9441739593973061,-0.819837750093235,-0.5170915215386253,-1.2522114943023157,-0.4471902537014453,-0.6564029824507616,0.09486994564126812,-0.7038588209584207,-0.36004343165316904,-0.11247361465942596,-0.6440753281188277,1.4691860110046717,-0.9174583224714208,-0.8108858371222121,-1.057428590332921,-0.30197001811360674,-1.1041131384490512,-0.9992847417602079,-0.6083841455270107,1.396640406692883,-0.510005124369433,1.0492867537852124,-1.179763084290673,-0.6140172630072132,-1.3807821168854464,1.21954656919853,-1.118070958460036,-1.1619787003435094,0.3851235240516179,-1.408804019034558,-0.5605796039387387,-1.4440902976900851,-0.6099749255304107,-1.8260667407616722,-1.1979745402312691,-1.168296004114543,-1.457261983908789,-0.7982189951547957,0.353969636713636,-0.953928640758174,-0.5701801849390552,0.1481363797666428,1.1876673936469286,0.7384914380813189,0.5902359370646353,-0.20350168269601554,-0.1799005597712803,1.1806501976146162,-0.9384181101631562,-1.116638388884394,-0.8442044046799742,-0.8931885909144667,-1.1282370599368876,-0.9961317114030885,-1.0908829234957644,-0.992775081553257,-0.7704685698737084,-0.900487594587852,-0.8145771184082939,-0.868549680567101,-1.3454882365949579,-0.7942084869349065,-0.7609593293619438,-1.2344879653644496,-0.8925921079255242,-0.850285346979297,-0.7360734582798689,-0.24015800363684303,1.2268001830005424,-0.724278237259406,-0.5716846527343442,-0.4116906092794912,-0.3411772391532338,0.04504445492883357,-0.3525997298173675,0.5596833626937611,-0.6416575433320632,-0.48103534342638893,-0.44474536846851115,-0.48272330923486423,-0.5695741073024997,-0.6744886959583376,1.3074619158804959,-0.7365012245577234,-0.5218670885179915,-0.12467718988520905,-0.5863426423203563,-0.4542207582885762,-0.5061763755132003,2.899285852691807,1.5467949873602749,-0.5936956800763983,-0.4950864327887177,-1.143186807336502,-0.7426645051373302,-1.7032290101685421,-0.9427933237657884,-0.7528249559141958,-0.6122585893599547,-0.783549785461438,-0.08546027157541243,-0.15310358656574102,-0.9503232884928305,-0.7819972660435591,-0.1407300276600252,-1.802064395857355,0.19239825774422054,0.6410088119857926,-0.46659035439841523,-0.8403044341709793,-0.5955547318563779,-0.45030265850852386,-1.180067920111574,-0.8778913909488957,0.42209261605049747,1.923753053103136,-0.7578352579521302,-0.845900290284877,1.5424282720580815,4.573334541093948,-0.47031981876401174,0.260166910959929,-0.9078073889438458,-0.33481414288321415,-1.416453315241722,-0.963393127693516,-0.8116429073605197,1.4495744177457006,-0.3166100446037822,-0.8084337547767206,-0.1541093381515251
Developer_embedded applications or devices,-0.650887825201718,4.330707422390228,1.2949625156953815,4.344225595478485,-0.15930832476457685,3.437541446625752,0.1133874863897183,-1.363866388456217,-1.022077572645578,-0.4792443616169686,0.9061598598248545,-1.0495181493513202,-0.20942463315419008,-0.600860562799223,-0.06331444711866656,-0.7744443093265888,-0.2208932999608777,-1.0247239508871435,0.42095521240421885,-0.6650256801061217,-1.2324841803112265,-0.211925637571984,-0.422356107589632,1.7627085639404316,1.588331840019286,1.5201817693969932,0.17290999840521734,0.6725261929625823,-0.8470342967972974,1.2524742734367427,-0.14814466361728612,0.7131960526776355,-0.5206568385205994,-0.9352391476221567,1.9344785128251936,-0.8087305043678884,-1.62154122804597,-0.9609944328911721,-0.3877714975901051,0.061119214749404197,-1.2262066956430624,0.04980742773447891,-1.5204096769465167,-0.8523263782096705,-1.0666442679137216,-1.268889127631395,-1.357320949262682,-1.5143352928553133,-0.5973495702263623,-1.0577011182108291,-0.9401785153327451,-0.8341363294611532,-1.5670771356306605,-1.2978716172948128,-1.8857472031401243,-1.3705868917799067,-1.6197693234906423,-1.5270276654839279,0.3342895500126646,-1.6899830773573616,-0.308323565045235,-1.367485022186178,-0.6584164935787066,-1.7911534572787544,-1.4181676274970085,-1.816531558415347,-0.42533245860477636,-1.4319268623568848,-0.9694760055207174,-1.1262422711308224,-0.4430733131314903,-1.2024303799514335,0.4505139350535172,-0.7380397699327154,-0.7592795050161705,-1.214567556131259,-1.201796835725581,-0.6458083977519699,-1.0508610474029023,-0.9754193082287255,-1.2802929382932267,-1.058161214471493,-1.11978116376745,-1.268751617405951,-0.6398882424010828,-0.9171266494414047,-1.0639771605410304,-1.1476090828116705,-1.1398301151948698,-1.0619727279711497,-1.213842718575447,-1.4896143241283133,-1.189914939507609,-1.3145877414466605,-1.10849252826992,-1.0506021635317584,-1.1198919937777223,-1.0524125519287326,-0.19536674912876198,-1.2764429063543556,-0.7356976964069734,-0.7509368776158858,-0.4184421910829996,-0.41088324233581736,-0.48318623802444033,3.5381713878848062,-0.8151745576008597,-0.42129856392650156,-0.728177210723283,-0.24200561745717716,0.19914464752656835,-0.2730279532551722,3.7258119808486563,-0.844460188953304,-0.3311158194112678,-1.0167820841347084,-0.08939754249829816,-0.5083616966295837,-0.1028273131279173,0.1920228308667812,0.03966137237123446,-0.3862489437120701,-0.6698294291667206,-0.6977386931152391,-0.8142967537680875,-1.594019783090048,-1.2917441445111635,-0.8807241234087344,-0.6797395005856807,-0.9369543866989818,-0.23531597281514133,-0.10745741081729746,-1.2258981662841508,-1.235062592165633,0.12676077289889587,-1.2923189461631523,3.1496423250548338,1.746051414578102,1.1859716270580019,-0.9005802921407724,-0.34133691491741924,-0.9762814670507808,1.6274048783782933,1.2592719872755525,-0.26524462988891423,0.8451369506289735,-0.9976795474762327,-0.29210123205241817,4.116048760630032,1.0657746834333914,-0.5352441096160193,-0.665339264184864,-1.3678132055591623,0.14416600222408074,-0.9583809798198537,-0.2640848205152999,0.8338921224065006,0.254509067795569,-0.2995831570371558,-1.1979374046330793,0.06368370785841693
Developer_front-end,-0.3188556560285641,-0.8149569946776479,-1.3041726221483414,-0.8037836427498605,-0.32858525191986854,-0.8517388308469112,-0.7006623000981702,-0.9640122541508603,-1.3254001335640033,0.37691229421956807,-0.223526933211273,-0.4202859586260717,-0.9484557617946837,-0.6547919335882498,-0.4423778819553166,-0.7729370636696098,-0.9698729113585214,1.6036093582995683,-0.9373758720487684,-0.5926601920758312,1.3481501562900775,-0.5376197479421152,-0.34705631519928176,-1.1724737444459516,-0.7423389168366139,-0.6899330373838134,-0.7232680288824871,-0.14821359861287112,0.6065630137054016,-1.3082319732224426,-0.7546749140463828,-1.3358997307744787,-0.5949491371433334,-0.2900917773103688,-0.9408264178064077,0.30055217164566905,-0.5983611063187648,-0.9366784488006622,-0.09235419961348156,0.0853900906125179,1.4174992079382132,-0.5775723885490689,-1.2294123693270138,0.8464953989716526,-0.2559484176234999,-0.9158232859146528,-0.617297998155685,-0.8308884857704257,1.026577248245742,-0.8633066935569147,-0.23590456591348882,-0.3639513888891847,0.4649721908358098,0.12885561867883275,-1.116368407269713,-0.637258637193003,-0.5886428542881312,-0.6729451095708836,-1.046292807113881,-0.44633714579202,-0.9815087069524129,0.10829178464387385,1.0274041021446936,-0.7144943011344207,1.1789354046420417,-1.172638956857216,-0.43061028138516066,-0.2987462258977476,-0.4474290398568613,-0.362936279888724,-0.8117874488866295,-1.45376740985389,-1.25028879437055,-0.13668224102151352,-0.2069388191930996,1.2435940588783527,0.8888386930864681,-0.2490070818505307,1.5337869536806386,-0.5859730294922895,0.8719656116440114,1.1721179328727025,-0.9574146657221502,0.9308989342134196,-1.1101805557228142,2.32622095771889,0.4132241000706297,1.8924636698738313,1.0979172505490071,1.8410260954028892,-0.27740055075525777,-0.7896522576773423,1.519056374076355,0.008237009710539181,2.0066393209410225,0.24634546261692342,1.0750446842824757,0.6014698379278872,-0.37392755953450185,-1.1658712359653434,-0.724458030474998,1.6808167224074813,1.1958732542323736,1.0357160962227927,0.29478035867987956,-0.9775241297733769,-0.7512233941275557,-0.507082343913486,1.6838747819149413,-0.6078394479203558,-0.93515302866796,-0.91254601068768,-0.8119736871227456,1.255682421556009,-0.67442796781733,-0.5016509203314636,-0.7686426897749973,-0.47085120621654153,-0.7082838702254594,-0.38795213437441656,-0.4168292296828193,-0.7531847855604112,-0.690613985869831,-0.5676608944458132,0.9331230699599269,0.3440964161314466,-0.8042158717051975,-0.5549145607649506,-0.6008614705026689,-0.707516008611023,-0.09942067397721305,-0.1145553292055391,1.446487608287616,1.2589507607926527,0.2042022552070262,0.4565523843182156,-1.1416946561330745,-0.46353859256783686,-1.2556687017698855,-0.9533791796430291,-0.8086339050954683,-0.5346664915555048,-1.0623242939910333,-0.9119678685393069,-0.15262613424336002,-0.5203435189906068,0.38175046865070966,-1.3029750889622378,-0.6070009370816123,-0.19067866215918716,-0.5387358789266745,-0.436277167801826,-0.6558653901677948,-0.7340362762992836,-0.09539822045892796,-0.6247631470901689,-0.9751927620834411,-0.26807800385693925,0.9888730276383616,1.3446006889910609,0.37247163303816927
Developer_full-stack,-0.40573450496079755,-0.5987634529184767,-0.6009812115171903,-0.6498199152424687,0.2172122925495015,-0.6838315945215686,-0.6073018223875872,0.33310332072025756,-0.032342582010675774,0.1971540845051916,-0.20223913658727177,0.9568647197415229,-0.12810330726990432,0.09467775083520984,-0.4040595051186747,-0.33756749647746237,-0.3661191177474073,1.2071244823308598,-0.5788094081161214,-0.14701578500585463,1.1084183488356811,-0.4518702956434179,-0.19397503381515288,-0.6449571993125782,-0.5912265011383271,-0.5982851338578623,-0.4135523206039234,-0.2819544339032349,0.695900616444486,-0.6128615873483996,0.05550436251025041,-0.8377729718116972,-0.4812942379136822,0.9402847894565468,-0.5197805203911174,-0.21894313978236876,0.5343165190329642,-0.5557796309263034,-0.13120222578544286,-0.10248990619974846,1.0012741589305918,-0.18310596478046937,-0.5415768242641354,0.37060297092727235,0.021117388575683297,-0.401523195401686,-0.06343493600172356,-0.08477015608500643,0.2923450250173447,-0.09017370385698062,0.27447201493527495,0.32204776359133097,0.4281610095661185,0.3024655680420766,-0.41869432414249547,-0.030765884154749065,0.3505552666492325,0.20561439580209262,-0.43551825373093955,0.14257507296346358,-0.33932946729862395,0.50744713920004,0.3066921197378673,-0.21282185935276102,0.7248039026478913,-0.7157414847203284,0.2971963934430817,0.5954549367111146,0.1404179466090065,0.26266955845562356,-0.4883215029477389,-0.7296693581852118,-0.45745976894969936,0.46097233213681665,0.4262355379504341,0.9634733945891722,0.7827169424149952,0.4625779209768391,0.9316230018085118,-0.1817667348730845,0.6601500869386604,0.7961067505244921,-0.4892580923607113,0.8835746138057989,-0.5897804756195543,0.8963084056583654,0.7403881269319976,0.8601474648564447,0.7861082900316293,0.7771878765744694,1.366985441600239,-0.14194177538472028,0.9498875990776325,1.3254047304490435,1.032604440500103,0.5875051266864624,0.8128173893734414,0.8086626743452645,0.20946658277009128,-0.49397208872536214,-0.5282165162431532,0.7436400115769713,0.6278597515194051,0.7998804206577973,0.1831480987422344,-0.7643885669466355,-0.5830515084353382,-0.39894618604730775,0.6806725164395229,-0.49095154701995364,-0.6554035236719242,-0.621411048115853,-0.6652659477476609,0.6540656497494223,-0.5167176183097594,0.020141160763043835,-0.5541449062081873,-0.46203416908474804,-0.5237630386467506,-0.10459249615566087,0.1288078484686916,-0.34396229315738486,-0.2423425693091863,0.12503047003824425,0.12537407577250337,0.24983559430630117,-0.21234464871914616,-0.241168082955945,-0.22284887577888024,-0.24192598615686792,-0.12877499173900894,-0.13601260547248925,0.7708094855422454,0.9177253571666741,-0.0014686498503403008,-0.6002755039915022,-0.8421647402030905,-0.20711896162679463,-0.7053099287603655,-0.5914879257130494,-0.6103740526223664,-0.15292160079315426,-0.49641041324370777,-0.4581469926355988,-0.006450090165476686,-0.03171130278275161,0.5621787334532663,-0.8638810721907458,-0.55527312617339,-0.20892435947791158,-0.4951472723122197,0.02215306256263657,0.6739094496691892,-0.5898355481895178,-0.2340830256188246,-0.24398421680636642,-0.5700055081397128,0.12691259859059473,0.7131097458363016,0.6330439824971167,-0.028387487362444935
Developer_game or graphics,-0.058584230178642845,1.5099450189877541,-0.8796336159865741,1.0508173645812187,1.2358539124922723,2.416331865540682,-0.17447188552732584,-0.8245129901063073,0.18717170271875963,-0.06357717134779386,0.17351307310632344,-0.7588094455983432,-0.5846295585564225,0.14480179353872688,-0.2158712771686025,-0.9202720253432788,-0.727266695063844,-0.5184755165100964,0.0717983777987815,-0.6828950691506844,-0.6670359399199585,-0.2654137287110432,-0.2542703625033952,0.9344855373777525,4.0488873299782036,-0.3602096310834039,0.6035900522521558,1.4830890959913243,-0.5435126884941476,-1.0365132246017514,-0.3827830403165811,-0.505183308316406,-0.5808534044964822,-0.8918595382779066,1.1111542217550148,-0.38934473356953203,-1.7878129072206423,-1.0193829306336315,-0.284332708398923,0.4102329585604328,-0.6286482745881244,-0.9813568551696181,-1.2724700890715015,0.21518746070009115,-1.4345176696394584,-1.4702818976895307,-1.1251848687979307,-1.5620714290229365,0.11356882538799672,-1.3940345778318317,-1.088918128168578,-0.9229802954311952,-1.3047297071501494,-1.005501248029909,-1.9132030036329635,-1.45351202700944,-1.6559653572563413,-1.2170922016421017,-0.6272223714350434,-1.459863886821351,-0.330879336558036,-0.36757508926562116,0.3262610046369899,-1.078099510860991,-0.8134721482342419,-1.6184801664876178,0.03393185682973702,-0.8367663537871521,-0.9736370975219278,1.3033786169989878,-0.8492018311020363,-1.573665812285526,-1.6692961605460173,-0.45812559573850153,-0.4485905152865453,-0.9136452954306917,-0.596246448629361,-0.2137400798161635,-0.5301652288152144,-1.1904450329764509,-1.12178043162009,-0.6897436679394122,-1.3225000810940446,-0.6754554679192877,-1.264806465170275,-0.8706026705373145,-0.6655968302850722,-0.5054021525039322,-0.6100292580058915,-0.40835022558843403,-0.9322098898853538,-1.459947214086897,-0.6900561498546003,-0.9743177926951911,0.3551745410202406,-0.8365546268765641,-0.6413513666698145,-0.8017220094334278,0.5324850599268135,-1.182183544927869,-0.7446163374650147,-0.7904623965749807,0.0739811635788318,0.052624968286184994,-0.0972395476391514,1.198982106469906,-0.859997581895356,-0.5271637680617762,-0.5145665862351263,-0.5377504288167513,-0.4894149771237253,-0.7858643664169906,1.8039369937422167,-0.557617648459476,-0.5427234089886294,-1.0773721249407155,-0.4300886436921201,-0.4854991754796488,-0.3265479776574084,0.7350966887129315,0.3260130063132965,-0.805154347378515,-0.9597545972798344,-1.7912900064167547,-0.03684958437037632,-0.968920551266552,-1.268497091021562,-0.7677884817958849,-1.1895293187894598,-0.9389329697860276,4.914509650967103,4.994054043738165,-0.8326859525855844,-0.6854969194632559,0.31872866902195135,-1.9961330558233306,2.1924629814121452,-1.0227399299132856,0.3707348318495577,-0.5952319409538651,-0.7690311088512195,-0.6943790066051293,-1.6691821089400967,0.27563106484811906,-0.8113594627865438,-0.0015957434069031131,-0.5949183177907675,-0.8329834649251728,1.6770906264512302,0.24407562989036555,-0.6059464991202126,2.83500516475393,-1.0129888161534555,-0.6773664257156539,-0.5616537746071281,0.5913382293013459,-0.6813900950549382,1.2153812979460876,-0.08252973598934175,-0.5259660308664158,0.7785839458884497
Developer_mobile,-0.3082678695416641,-0.588227467421004,-1.6030428973989455,-0.3633421495197344,-0.38626479921300994,-0.4263251279949842,-1.0063930907727274,-1.1371575592264864,-1.0307677109917557,4.506291526602467,0.12398268187340103,-0.741465139000152,-1.2283582019658437,-0.9661723451505183,-0.45507183362436915,-1.046298768774582,-0.07603432118440756,-0.44954197962520387,-1.2896155089008916,0.4475578156698521,-0.3791633782653023,-0.554195178693993,4.1194727052086275,-1.4228457755408637,-0.9424681324004743,-0.6124084128304801,-1.2307420680486247,4.646178676133529,-0.05531768772283927,-1.7066036194818093,-1.3389566847880419,-1.4357824336125944,-0.6322077461148105,-0.3077525221120163,-1.3670971286802664,-0.34197397587165074,-1.1757832421243908,-0.9804462016352724,-0.1247962365618177,4.958821121675955,-0.251506459140235,-0.6879074318877952,-1.423296694503257,3.8045447893272555,-0.31865737647943676,-0.20350047235961793,-0.8690414545660401,-1.2657052777238644,3.8211450149664907,-0.9746084236764404,-0.6638829194369728,-0.5589648221451496,-0.3192844531200895,-0.22469239879987896,-1.7007731411548794,-0.8142697086486145,-1.3256910544813336,-1.302192196168953,2.733964942030892,-0.821832905434737,-0.9336998618646024,-0.39171693489035286,3.94813107163162,0.20309979779938953,0.38154259210303304,-0.3208666797257097,-0.9945440930506679,-0.626363230849787,-0.6267579982183895,-1.0462389081124621,-1.0961082439852112,-1.215787990824218,-1.2436956533558827,-0.3630772364898888,-0.4508508962878322,-0.14376034247665548,-0.3166367735860529,-0.35813596322810887,-0.49829774189702597,-0.9602448003873424,-0.7504717212507951,-0.0726193020643759,-1.238251594228488,-0.5718678209798449,-1.3102538201282086,-0.15228089680237655,0.002152816879131448,0.007098090107920459,-0.17987543489251423,-0.4427855667617298,-0.7658035398309819,-0.7763195938249835,-0.1842663907433561,-0.6066071747761119,-0.5499394992603861,-0.5315336849996074,-0.5390611822604915,-0.48872509786535506,-0.4801703601498869,-1.2999563425544998,-0.7371075361173988,3.2137329255770224,3.1888959747359737,-0.15714858163905324,4.337287989933466,-0.8566656487987552,-0.8311545582935458,-0.5319845065575077,2.6722870347871406,-0.5632373546409739,-0.9185006095652666,-0.9289913617354424,-0.5903014942744444,2.536863786567477,-0.6427200559642408,-0.6786730660972535,-0.5008200489902958,-0.5313243742162318,-0.6318374468935712,1.820268840520469,1.9319740909668315,-0.9191297839868776,-0.8241828561429172,-1.6452649219442501,1.904289814785427,1.3166696116769796,-1.30941529643244,-0.8633648119927013,-0.8362956261326981,-0.9241475099790973,0.23033062332254323,0.0021552379589533754,-0.09812997988814923,-0.10782950603771503,4.493693917496928,1.195077549254397,-0.648843438576381,-0.13670550445052418,-1.3347549241336387,-0.9066980912634187,-0.7994563301905722,0.17088684353970865,-1.4888430060447126,-1.5968283673519708,0.9396742948467273,-0.7603607803566547,-0.21499744818297511,-1.0811550908651493,-0.3560252743382561,0.17806296313751452,-0.5669361054380104,-0.41385014338396253,-0.8396220839519588,-0.5970581290501574,0.8940084007056778,2.7751315298607113,-1.2073837537408785,-0.269747185098563,-0.19493281703762905,-0.10704521272234817,4.740876844036392
Engineer_data,0.13862268398568764,-0.4966872539656746,0.2823085243861939,-0.4292954981174802,-0.6820491568840661,-0.40361207411571387,-0.2782134018229208,1.7992685726593478,0.33591600661429066,-0.7581990754049156,0.026401151895731674,-0.6486299857551667,-0.09980991663473789,-0.4524099573765609,0.32508012580448314,-0.296985973376515,-0.46736284939380607,-1.2345604274169915,-0.048368952265886576,-0.3870732403453923,-1.0927000499594572,0.4966224850694827,-0.6047344188228325,-0.11506613043159643,-0.7537977851342763,0.37053426808130424,-0.03610770843690243,-0.5247338774147204,-1.063318531245937,0.6471440251200521,-0.2454133489777167,1.3257372168019772,0.8631615695594936,-0.8976903889570309,-0.4148651394581885,0.767814391028998,0.7154028832752943,3.919470954730832,-0.31505446710583607,-0.5311946228417024,-1.0683499607095361,1.08589984745758,1.6030184326592027,-0.6977215025705451,-0.4925536327458418,0.8381798999694053,0.27095454507030636,0.5015448788637211,-0.8738924181813967,0.5436300857500557,-0.7458806530795166,-0.0044649835993367725,-0.4188810406014482,-0.35894049541712714,2.3590479427575572,0.7299972327541276,0.4024698468240822,-0.27911871014860706,-0.6916169408493514,0.677724673259127,-0.49830959399509833,-0.9934614598572621,-0.899229133476992,1.3378299115070607,-1.0199283351018573,-0.43900125531503476,-0.7631826090109051,-1.123870545837973,0.14643389916453264,-1.0974099901193826,-0.3301141735765222,1.3951801652810714,-0.6830004161709093,-0.692486500664147,-0.7213231131443718,-1.1259534208067448,-1.067900053142157,-0.8346321669860552,-0.8954058304361457,0.3725420290606361,-1.1273819177100501,-0.8685285880392153,1.8729029437481832,-1.0288167865696491,1.5021238745385035,-0.8121092420026491,-1.0825203960281333,-0.8634971061947148,-0.9912197573012695,-1.0263724447672196,-0.6210187856592306,0.9012409759288591,-0.9212211514092149,-1.0267891725708713,-0.8360256175254023,-1.0474830967719746,-0.9953084516668402,-0.978691932353976,-0.6122954819225619,2.2071223415072416,4.030442046298871,-0.8103068615528726,-0.8283420503730384,-1.3962906060611684,-0.777844304074387,-0.6741364057936402,3.7193550007604212,0.7334290894184371,-0.9777144906722913,0.9667832651771686,1.4163848590228543,1.9161474971310437,-0.21166462902971636,-0.9926078801841549,1.225140407460892,-0.41086502973244987,1.0891955863458633,0.7205719322532071,0.9556548792368125,-0.8199235874145397,-0.761762910522418,-0.21106981654537493,-0.17091284678933857,0.02918365988450455,0.34371700150299705,-0.16791643896677969,0.2533695244172155,0.22033638163583782,0.04813385499893326,0.3477281126592231,-0.6231932276955336,-0.5107467796881934,-0.8644176391802004,-1.0674352539722922,-0.7782795965588788,0.19444988271418623,-0.7913439770210818,-0.7168863933419806,0.4572012633434643,-0.38131719974093153,1.6229989053380007,-0.04498800455694245,-0.29764572653933064,-0.05057970444267813,-0.846396621007332,0.038363778290855584,-1.0208861532430913,1.6349089415825329,-0.3976306179639765,0.045651199439949906,0.8196787979275867,-0.9089814994321107,-1.0525873841211826,1.26353058747365,-0.07197869273121604,-0.46457642186278986,-0.007651484264088411,-0.5381482597375786,-0.6999625006045823,-1.1868687882660962,-0.725711881102278
Engineer_site reliability,-0.08613685946732326,-0.47624308448904423,2.2290768156797447,-0.3347204444181076,-0.7905699832151379,-0.7309738953945277,-0.1936208105058404,0.8554804485708893,1.1694986910070124,-0.6882153760721943,-0.5312989629084595,1.8559897730081238,2.6974327410060823,-0.236569354128206,-0.2660810464520682,2.7603656768411455,1.3838819739690535,-1.0917557697954479,-0.6533670096082722,-0.3974717828851095,-0.7517298960891807,-0.4748080698012997,-0.4825945261377272,0.7110802142810725,1.2337324065097897,-0.6069079750720007,-0.27826754010691984,-0.6438452149869818,-0.6407012280416333,2.634133844145931,0.15916991161016653,0.4459595492261314,-0.5348430975979961,2.351402615167776,0.5575729213479758,-1.0112236340452063,-0.8131914886088983,-0.025117470678027526,-0.20689082927946698,-0.5937146847210757,-0.6610770891241208,-0.8549859282453579,2.1220729175938255,-0.3524682211334624,0.9547599612920308,2.5248628320895965,1.5148850785054446,2.1498083087470246,-0.8699987574044855,-0.9806121104616877,-0.21866230929524527,-0.7379640057677486,-0.5579060924721444,-0.5804154478026554,0.15101763221667366,-0.780930241585243,0.5076196734026254,1.3787016421597784,-0.9219381200544645,1.0337434812924453,3.8836849210927737,0.5999587344288734,-0.848367046526949,1.619654698304268,-0.7581143194214018,0.9572887218702938,1.4898875887266965,0.8795497590056017,-0.19652070724554221,1.1648714316768498,3.1854649216517967,1.4893133969310601,1.3732410698706021,-0.7166028144868626,-0.5716033153277484,-0.8526118779511371,-0.714621767239046,-0.7500528904427771,-0.5565544849939074,0.26034617403771726,-0.35798384851927534,-0.7278716783029262,0.23239966016935618,-0.30446577562795635,0.4245738161300056,-0.6207370146813631,-0.6046032336579339,-0.46257673710408287,-0.7620689250083359,-0.2647866500253392,1.3708676395843822,0.6658601311301412,-0.6228873827685131,1.3928799162186798,-0.5579224883530877,-0.4993595611430898,-0.5913370213215814,-0.8057571511103088,-0.7722041170086311,1.0804199038656608,-0.004554951853796204,-0.9978099416891489,-1.0767681719022821,-1.0918933715620287,-0.8804279256328587,0.19480179513377982,0.05660061020289921,-0.24579351482864012,-1.2345502352130189,-0.7211833637851296,-0.5575857902827717,-0.486157851499164,-0.6910540979611379,-0.9590325829220634,-0.6055008635109276,-0.2411417755988131,-0.7451031174859384,-0.5020481190972885,-0.5647650380632302,0.27577718348442526,-0.8722596175991968,3.276121166655192,3.747818146739639,0.93800028368202,-0.6816582418193381,0.9597620045967432,2.1894940233064593,2.6137156898763543,3.1515045606112735,2.825810713748967,-0.668826938392069,-0.3855093136891161,-0.46439297278771174,-0.8119708676104576,-0.982554721245071,-1.025986301096647,-0.48919737442580186,-1.2962103867906023,1.489877387633685,2.0609650408488345,-0.48685692416396387,-0.2329549108749493,0.34545437514077415,1.715689306331122,-1.4161542372894074,-1.379191282181543,-0.7910250489058331,-0.005512356644609097,-0.5687643741791535,-0.45823120827222363,-0.5300827667259637,-0.4584680674800807,0.3849329532879054,-0.6501519212654363,-0.37410562942657943,-0.43590887706162806,1.4768996659806872,-1.0049528585139738,-0.7722463341167887,-0.5283802667571346,-0.6234461292296704
Scientist,1.7010823628007499,0.2171297960164558,0.052536537714000124,0.5039963227528262,-1.078642818190728,0.7746870627973795,-0.30160993618664356,-0.8778535019983111,-1.7401802821361976,-1.005961644696189,0.13760898472169533,-1.6148860723312166,-1.0085869939478427,-0.8202982257885798,4.307768793897458,-1.2686767900746485,-1.2174261152047983,-1.5439633325369493,0.5050393716323501,-1.287080090562508,-1.8401693217407997,3.486084132829302,-1.0974377301399447,2.034375556783981,-0.026814652706603888,3.1609188301681317,0.5166192388108679,-0.498277435294023,-1.4146926600198326,0.19354937743079165,-1.2062188343954203,0.5677931391821179,2.114020613888546,-1.284365041150942,0.025800404859359995,0.3293536364412769,-2.027298659415791,-0.3566057507377115,-0.3749381731473493,-0.5692798885057476,-1.6608517158089278,-0.3416120904264585,-1.461260302224894,-1.2771026898512194,-2.0307964144872166,-1.590818896823669,-1.416394470644069,-1.5730559807131044,-1.249436998572074,-1.3036642097069087,-1.4265416714734067,-1.2673611554928659,-1.8666053600935366,-1.7403583332086032,-0.4715336856062175,-1.6120608747927743,-1.9361003992998356,-1.7408611882126046,-1.2231117970196763,-1.8480249499024939,-0.5247094402970537,-1.6184176621101432,-1.2004236963308932,-1.8351406996619841,-1.4085523427546864,-1.0811148506063535,-1.4570510348925967,-1.7649785981463413,-1.44683787101431,-1.7075049995643674,-0.271434698735099,-1.3384118540598915,-1.5168583693360678,-1.1102520050683655,-1.061530236073552,-1.5750069668142,-1.5802259941468713,-1.09599217571416,-1.5203679325589339,-0.9556287017665206,-1.3135182287769556,-1.471634888684869,-0.7570138536222906,-1.364362892547116,-0.5163284839933729,-1.0300195567091424,-1.2712799238239911,-1.2333291765907453,-1.5833926834452774,-1.2315707978141481,-1.5451187454094761,-1.0036432103069035,-1.5243479472100168,-1.1807710200360362,-1.562039081038889,-1.1085859633445312,-1.3822580713777044,-1.481764672133191,-1.0599262917999361,-1.415717526296378,-0.34110767022400507,-1.1096130644857771,-1.3068920363019627,-1.4737292676304359,-1.1662380639235317,1.2788057000665776,-0.3232914099153115,0.7752206357891125,-1.2370818952741198,1.2138159666437913,1.736863770193295,1.2226187702553002,1.243552184303237,-1.4105253690766475,1.4737498579764816,-1.1462681278245774,1.2278942442182195,2.3288696907966866,1.4550211717097563,-1.0665642561569966,-1.2132598271047055,-0.7424034487850337,-0.8152576209791617,-1.7163468272971556,-1.3181044478872694,-1.2201964214834016,-1.4162922328862264,-0.9733668958074305,-1.296567359308752,-0.9325162637686607,-0.4694456426060653,-0.34646536950219575,-1.458293864201278,-1.7016914143484707,-1.0561330169440848,-0.3687115507969201,0.13522616756767994,-1.2149397384440588,2.0823696417387834,-1.2747951657404473,1.3331926189467924,-1.2639386476144228,-0.39350203958650676,0.005118389400528188,-1.7185331745231078,-1.3153067007793697,-1.2214211305169447,-0.06379652825247104,0.5392191717048375,0.13598732712023884,2.030469715268797,-1.0800358489355621,-1.3632286007070487,1.8898185075300027,-0.9512284658708653,0.48970407096081775,0.11559271528234118,-1.0026837700798992,-2.469618777486515,-1.5623929710048055,-0.6909830774904422
full_stack_.NET,-0.9435461227477281,-0.354989020365593,-1.0175374786694455,-0.5038845316707219,2.953009239622535,-0.42243353382517757,0.009677269678032752,-1.3914318005607749,0.6615581407497563,0.17044796212896676,0.2295194468801864,-0.9391834214004102,-1.1893622569573332,2.560253123265811,-0.38435791091052746,-0.6921393459479686,-0.7604985617425538,1.4302084551090117,-0.9454387973184663,-0.3970360802276098,1.0731344822014492,-0.4938534557700427,-0.36759881020338736,-1.148894769193309,-0.6764267908374112,-0.4300898749246317,-1.0730451325951529,-0.19623630600259037,0.031856597365547586,-1.0439783436281438,2.398769679822488,-1.089627808947901,-0.45864128283488353,-0.7557820325782878,-0.9573306040956342,0.009195621149333469,1.3904672276875354,-0.8124834782397828,-0.25011462796268524,-0.08355867374659012,1.250727489738387,1.1965435860692688,-0.6697954064623286,0.06884763541607754,-0.30914171183871025,-0.30781828140601414,-0.33807738836020346,-0.23078982601128864,0.21387576798428407,0.22845303172004464,-0.20521513022464735,3.019787214435037,0.32188650418437376,-0.04434045248451365,-0.5880147823904698,0.4767032144030742,-0.4126566043276775,-0.07248835784366699,0.2291991840994807,-0.46637432936660167,-0.3821227196455191,-0.35514446727853843,0.1650741141535448,-0.8778617246583641,-0.060248156793720635,-0.8627053442912681,-0.7487502491518451,0.06829033136195016,2.8301515488646025,-0.5610666558871485,-0.7870547167340916,-0.47541681817370746,0.8072626158161899,3.305382618871441,3.1596262365883723,2.0166251073458805,1.9522784189212046,3.217952766631824,0.14897869643999476,-0.767059892680883,-0.3352906967236562,0.20821126674520207,-0.8535335670274616,-0.09379672289219006,-1.0093901912039962,0.12824043768622695,0.03552080630368942,0.14701602282364906,0.5144263907479787,0.2071660519110002,-0.9890552664420329,-0.8072946251285738,0.6448684219893883,-0.472619748701116,0.39712059913140135,-0.24750684158229289,0.6289598176287806,1.4304991100759241,2.9462911360540436,-0.6193004520917736,-0.5603607854658794,0.9699364419310935,1.055464284607331,1.1221309561362491,0.36416069595100264,-0.8425111363141919,-0.4961319713010153,-0.47371369815766373,1.1266614487098814,-0.512548623842405,-0.6803523425716244,-0.6502007335786866,-0.5810628375715176,0.6354591333278163,-0.5455257052196507,-0.43928799671152413,-0.4771416372119923,-0.4762116527760803,-0.5517041400715542,2.0737587993252116,2.6550849997268022,-0.6318103743636387,-0.26721047835491546,-0.2146442694467765,0.1378992607949395,-1.1373549668974703,-0.24818516366280294,-0.22243598264110864,-0.46158606510814376,-0.36952436795247723,0.4113319932548971,0.16486055115892095,0.20193514737361268,0.8716541559548512,0.22251330522738583,-1.0570780732602139,-0.8301755457453918,-0.04759830185039765,-1.5401112628669713,-0.8238580594495395,-0.6629815490280335,-0.5073617894242456,-1.2918433808008827,-1.4145192721487947,0.82369113098773,2.031603074850608,-0.1900770113202096,-1.0667975321553218,-0.4884080955392447,0.11059555149683918,-0.4691591286816283,1.9969628138748323,-0.46719374137146086,-0.5587577682187255,-1.1326234451214157,-1.0429191971688236,-1.1708782295228712,2.8799992447614042,1.5234953024795448,0.4405577145244307,-0.02373118271903355
full_stack_Java,-0.5957979277510133,-0.17990584980935576,-0.0854349535530838,-0.22024633771797145,-0.11591567768188728,-0.3070519996577412,0.3890606627551229,1.5637557627590832,-0.8193854990408395,0.7170175167355449,-0.39376100537233505,0.1770678700515693,-0.25189214151450007,-0.2868085711990764,-0.3543876227088182,-0.05641446430051911,1.3274547967007198,1.1542519777037645,-0.004726057364058118,2.9359547118524567,1.116253475526472,-0.4331838560159272,1.3136169534890811,-0.31815211860004233,-0.3907862184350836,-0.29949055995290086,0.07264742610130133,0.05800974112264436,0.6457595259142496,-0.33435863593381576,-0.06660044057966398,-0.43718012849187066,-0.37272313715336186,0.4301965106866239,-0.3576403440153304,-0.11591011527997033,0.7799428240075617,0.32172138860633787,-0.14084701404958772,0.19843266129746603,1.1776472419902517,-0.034680420860960896,0.39431424263428083,0.7511573427385028,0.9059225542427877,0.5943832005438794,0.3233785290840115,0.3923530803672417,0.7579045804802653,1.4862355858903729,0.7074339717841497,0.05606762579815536,0.858392392829409,0.8577278905303553,0.4424467262756543,1.9405301298499453,0.8638406011390758,0.2644563665386101,0.013773194503951995,0.4754502474106429,-0.29506581374913154,0.3873102066569904,0.6334059011058889,0.45247212024181,0.8205849370823085,0.4891669878781578,0.23919299348560383,0.633245300257377,-0.050733405937765416,1.0767217238089082,0.022503513232688458,0.45997691904401067,0.9081620241935848,0.025579010210139214,-0.0863628621217576,1.7669552920171678,1.579824705721201,-0.1114757801380024,0.9260216167588906,-0.1586990311803592,0.32793316333627104,0.8905533298502109,-0.37104646658488616,0.660223556038569,-0.3420438582094412,0.7276387190339331,0.5995597820638351,0.756727795517805,1.0099804892912125,0.596339527498375,0.1332402310951605,2.038479273275754,1.0777314991283045,0.49232703290008945,0.8874814334923423,0.5661571559922827,0.8247719409444344,0.9087206028941112,-0.19949826024555975,0.4982518458601601,-0.2532370473775445,0.8635779539390576,1.138853412137936,1.3399035190576527,0.821602125778298,-0.4772772621308768,-0.175542375041754,-0.40126519685576545,1.1662048173302115,-0.35471233539789987,-0.44896814839684623,-0.44843197613914915,-0.5125136775568488,0.9841794218315735,-0.3880357340873329,2.385689216570002,-0.286285176980911,-0.4517144871132857,-0.3851714956389773,-0.324253067233906,-0.002770882051192435,-0.05401290474663542,0.01104437209898816,0.6371246442653503,-0.20129592232127108,0.5917752805080225,0.34283895112164503,-0.3119858759778562,0.215457497598432,-0.05520715807814374,0.06372016744659954,0.06625225547024789,0.8232103549106589,1.1265355432169053,0.8389769309196916,1.2183995079963983,0.12005100711215787,2.6685870449398292,-0.6169800784628934,0.06545143659078201,-0.4139790781102844,2.795088538785585,0.5447083540478781,-0.445869372464677,2.3240571704398394,0.6834780619390721,0.7681784705304902,0.016904203063694435,-0.44873081016472,-0.4490064203198216,-0.3854392938851174,0.08097229504948801,1.2992379346379352,-0.3904475762760942,1.022898363760195,0.23905531547585843,-0.1998111129727592,-0.23342244867022216,0.44543342285137216,2.028919424596026,0.30052182971158337
full_stack_.JavaScript,-0.4948606843362734,-0.5409540139647426,-0.33451334155911017,-0.5969267739629674,-0.07805731560553329,-0.6752248736494547,-1.1519473879813398,0.1552799280394486,-0.10683268361029327,0.4954025701775213,-0.6396244116517156,1.1423734675775552,-0.13828770536107723,-0.1144336094843558,-0.44497263117501995,0.06889936998853345,-0.3957685198227455,1.5790118657077288,-0.2645798456994109,-0.10672901362444662,1.6038454821135328,-0.4485414405133287,-0.01237239132646715,-0.6531445680130297,-0.33865743897226247,-0.49219332631592994,-0.09504889056199486,-0.21134704381789382,0.7983892884987319,-0.9915754836425913,-0.05329784127901984,-0.5765005047869203,-0.44848529620377026,1.3254583720693132,-0.16465442386685628,-0.056644479312364895,0.4959074000091839,-0.47304706139947406,0.07397331371897908,0.012628492911108766,1.8217027007137563,-0.37752391702812227,-0.23030557623408016,1.2102184633517097,0.9715508182531686,-0.0006961531859387591,0.5600128653977756,0.340815492230794,1.0655278449526324,-0.5633690792175031,0.5247861807157777,-0.05402528759939622,2.2279341293220187,0.6713628834120973,0.25111232125896105,-0.3276002895101476,0.9004478547982644,0.8135349420145451,-0.21655817506223718,0.8720346900004118,-0.5398195970694173,1.4661925133138403,1.0224533627824166,0.8162980346494983,2.057221705907578,0.44843169285426215,0.83771230590357,0.9340013317959245,0.06016128207321193,0.9277617669377898,-0.3128542411789245,-0.5453049794824483,-0.3219152857822979,0.13088088443167156,0.1667362434505566,1.0759892176625994,1.2334867579662645,-0.043271797765517483,2.474809625319757,0.1377227849519032,0.7221618208735149,2.6345091123668194,-0.18184963648607724,2.4377481051426226,-0.25972569112424093,2.518220500920496,0.9677307888812821,2.559769666645528,2.4920441443073784,1.837684267908593,1.1727244664532979,0.2293461977663682,2.4613582891896173,1.761750011070551,2.179857778374876,0.8350783070716923,1.2564174429540913,0.7385160502233021,-0.14530425857249485,-0.3059172163213177,-0.493794931766472,1.1901667167723786,1.0652122740886334,2.277403917371321,0.5617928488351498,-0.7907971178327882,-0.5020961091071868,-0.3621594024474532,1.2358913527187712,-0.41186849581345114,-0.5561780163957798,-0.5130885988122574,-0.6994696538038556,1.9445837538837158,-0.4501995998449714,-0.005402574645149132,-0.3762261489653769,-0.47323294166632907,-0.4506899361584259,-0.645237594317019,-0.25817949912983224,-0.2728458870748332,-0.07395217835047259,0.7643903831732216,0.9216992014770837,1.34718834273542,0.17516233782770926,0.007932078701399496,0.08470297424856942,-0.02605072879217821,0.028126480394819797,0.022348102191509272,2.37611191085563,1.7957810682389825,0.26323070937638265,0.3193773740895817,-0.7397210068593802,-0.26306320416008466,-0.8394639690621271,-0.38660667942320776,-0.5428399873790404,-0.008143905471162529,0.3834370929955028,-2.4713537471762072e-05,0.02865688907451029,-0.41192302885757914,0.654803063028835,-0.7466097793847789,-0.6138560358149155,-0.6401996130896703,-0.47191902657283,-0.013921302294452096,1.0597314027708176,-0.5355306814145628,0.39237515607770945,-0.3139563201236719,-0.36385960311406906,-0.17692463003713602,1.4694722714160846,1.5742856338428617,0.2786523882416234
full_stack_PHP,-0.6685139134038558,-0.39897950728258424,-0.4404652918796539,-0.489610176935167,0.08208096201406041,-0.5808391408531797,-0.3470902144712772,-1.0037037439709913,0.3457230382499505,0.46940697493792916,-0.1921485801863466,0.08694788808541704,-0.5899669487668926,-0.5872155271264937,-0.3891176401193011,-0.27656291893568485,-0.35273648491208703,1.7473686631938572,-0.8742278371586133,0.08567585511710847,1.5285211980669147,-0.4659437851255894,-0.13018232786516803,-1.016448870929498,-0.4743311685404804,-0.4159161695731037,-0.9164258387921171,-0.23309029575558254,2.8437715408068285,-0.09054335739579988,0.08998052431398644,-0.6829068372346347,-0.4060142382822352,0.9787712813161988,-0.8364627266567354,0.17944694369480424,1.1957989337503612,-0.661933067444267,-0.09029956901457493,-0.09084129129605802,0.9032877873716806,0.25337010566406104,-0.2954295251804991,0.6681198425511117,0.5823171694189265,-0.21873976104327608,-0.11986738574578455,0.16119990647220922,0.8395828247883905,0.12077559786838123,2.470631543025978,0.2942493987463875,1.0079053618396558,2.481855146946751,-0.21396563442327432,0.4161730774662181,0.23503194315594397,0.5048645753613942,0.4501743378683923,0.33971059553365845,-0.18658031507170353,1.4713678802768435,0.7121855248096122,0.28481118381802156,1.184106383544099,0.03404924455846119,1.2241928708692214,2.300071272757158,0.027647771763227667,1.6797434853188997,-0.27591168072785877,-0.1551103209952775,0.9246167997972249,0.5675770210624675,0.27269701297227594,1.0588584666218526,1.6252972393870222,0.2943323020888154,0.9983945200272711,0.26805241697919824,2.574751868998177,1.1732709362801987,-0.3904064211435482,1.1898232722249562,-0.3800081426382602,1.19125166001986,2.69112745725768,0.9391983079587668,1.1544563558614296,2.315806980405089,0.17111212536092585,0.02570656969944558,0.8837607869173073,1.3563611148771386,1.156868767200885,2.3144391690816333,2.7127661828719187,2.6560687462145562,0.034160822526357104,-0.5402838639361447,-0.49811763112568375,1.3330041486611983,1.5712342845184297,1.4738837110523,0.533644924258227,-0.5890926179918337,-0.4336442096117367,-0.44635536429980677,1.4567442348967465,-0.4505830639510026,-0.6134392279761077,-0.5679252365926505,-0.5926668463336261,0.986617101208111,-0.4821213984005128,0.11164716674455848,-0.44684324831247074,-0.4755062065693667,-0.4954033879267409,-0.20184483515057444,0.37932770405423377,-0.27368026132008577,-0.07523397074789408,0.26922459038032115,0.18777609940021453,0.2452478637435389,-0.2300025693982741,-0.47400611100224693,0.14692998281253777,-0.40719365616856174,0.007454467289227773,0.008741084898394726,0.9896595960062217,1.225595681999362,0.4020616211873003,1.2240332319615714,-0.7463994333653411,0.47828190488381245,-1.1235995306361084,-0.5079337666151904,-0.5828037985999903,-0.03320692490880009,0.8028467720462386,-0.878156638930086,1.3555628819780796,0.4533152792813154,2.385353662679916,-0.5831146339328307,-0.5374758959154109,-0.2531841962879613,-0.4583311316198851,-0.28095424859239987,0.9968465004218067,-0.4578411247482908,1.3839654826959396,0.5828609607874683,-0.46042563326220304,0.08040678201745657,0.8704066349134377,0.9649566718535807,0.1275639376202863
full_stack_python,-0.467514749755842,-0.0153410118116223,0.4264608598460306,0.005012196467135363,-0.11273422769474546,-0.05159366606866819,-0.539238226295998,-0.07173402764591492,-0.12234380635076904,0.5740631082661629,-0.5111635636964161,0.6562727929421511,-0.06363736442313325,-0.22556502830508884,-0.31371712208943225,0.33392386885581443,-0.15016047367980287,1.2821524154011692,0.34368203543648623,0.25306815784429704,1.2105848548781988,-0.2741194989626667,0.08663685556576581,0.023712936934932434,0.044334169625688556,0.005171435808908106,0.28204217663135767,-0.205253980478236,0.6646876539459837,0.07472394442542699,0.17999946497924796,2.4564292657347124,-0.1050947094925852,0.7434072157939132,0.08176380518280317,0.08157886807804623,0.7310961293528742,-0.2270523830164813,0.033807904207566686,0.007351347756162753,0.9747208427610075,-0.06484009361984402,0.03878569582737917,0.9439399238810605,0.7389533701932746,-0.2370458671615938,0.4179889836509251,0.2857491499277752,0.7911022126923658,-0.1709295208853171,0.6369798651425351,-0.12752750614247013,1.0613839485349639,0.6008713753690472,0.5914732804975829,0.0008069800510572675,1.2795997663371035,0.637197952149333,1.2073280831736288,0.6125735716791842,-0.24167092411677207,1.3099970606610107,0.652511764167882,0.9637019031555601,1.594488524816733,1.0248771638465048,1.2682723785642032,0.5353275221059914,-0.07902549094235697,0.9335823170361068,0.23683887787221017,-0.10614948172779891,0.5202465306451923,-0.05629301095062001,-0.07232043283201212,0.6917527250194256,0.7159750270036901,-0.061382384542463045,0.9984011171288655,3.486698401414966,0.6097306688660674,1.184839615391698,1.6602356499436572,0.7180323519084776,2.4500314539713224,1.3422499767354221,0.6312721122712416,1.104712974398841,1.0867902541817112,1.1550741436120204,0.5573951010441051,0.04378922130087623,1.2709526848845583,0.8112495987679569,1.4502913713069594,0.3407654412431653,1.1180962089689832,0.8294892760352057,-0.22016616619603155,-0.18080363941967265,-0.1530633154293544,0.4576332499764858,0.4315228058192987,1.6483020799477874,0.7065129589880504,0.05337191015627638,-0.12992738912560306,0.009666273996043246,0.5311573842900789,0.20187359552311995,0.737353440263381,0.7462013988152687,0.025608160275387568,1.1568722375855116,0.17610960602117068,0.12471615877713262,0.4761485493146954,-0.34685988027151765,0.22302113325631662,-0.6106688471659542,-0.2859780603766454,0.05959249690781577,-0.03907268026748093,0.7258261755847021,0.7832326440735214,0.8113438991655787,0.11837321864545054,-0.1569683887254284,0.08835985019140064,0.011078398214515554,0.12427005892627362,0.23502238923743857,0.990886275073405,1.0841734504444673,0.31546489699172725,1.158257081543821,-0.0795209685731214,0.21576974123251036,-0.34127035292670066,-0.10626252691279191,0.38936887609593096,0.22691111968287517,1.3077991602777475,0.18346284730140672,0.5131909021212195,-0.17302943463853185,0.41984129747482074,2.2501458667914944,-0.11351294248691621,-0.4936766823993428,-0.21163831721976994,-0.11871060057918935,0.8077992108798986,0.09140050870954246,1.1064287231128196,0.21967429284066367,0.19086105348876403,-0.19870989171273953,0.9864054843664681,1.2814057531221135,0.0960216094297844
back_end_Java,-0.6845446059542056,-0.23128799594054628,0.12755150476812352,-0.2274165974409565,-0.44181887712602985,-0.33084357991674346,1.295577480413029,2.3358701877438235,-0.6245818035475924,-0.04559559471576278,-0.48351031980461523,0.2572842964001895,0.6884005799114313,-0.299420998486818,-0.3521154865017673,0.5348646864249573,2.0170541823937986,-0.3763370513719729,0.35971421527340647,3.212285368230129,-0.11179463286799243,-0.42871385426815983,1.6371300860061733,-0.2368829305464878,-0.39393504094549514,-0.3983571301109787,0.10384649729162186,-0.19622622019127933,-0.07453952795590711,0.21057855962493777,-0.5870789768231266,-0.37494265816647965,-0.43945212257425503,0.02575330786757854,-0.09498402387354159,-0.5423202919753128,0.48149741497591125,1.7767668194511668,-0.186560367539603,-0.1338406287735905,-0.1171997803069874,-0.43267763520389146,1.883292139772911,-0.29570136571982547,0.12955033623770645,1.4056531791137787,0.8437784989121933,0.9160529827654467,-0.22193590662353319,1.9964445929675758,0.34573257795231666,-0.3016572047081246,0.4047083706722165,0.5218484175330959,1.0026436892717816,2.077979708014462,0.9753214891264231,0.6013680853697895,-0.5109273214318797,0.7934680052330728,-0.11906887892418895,-0.2860327831539648,-0.24660623187276146,0.3599759964223932,0.0006423467564414386,0.32748631177470405,-0.07064994783336603,0.08794117348850129,-0.3511476775127111,-0.09385295733834483,0.14769741957880173,1.081334335010517,0.3118159216422796,-0.38040034823213376,-0.4096614209179002,0.25044995425949473,0.21668124013431575,-0.4401605033134852,-0.32503718949747196,-0.3213371408927537,-0.44250347565894954,-0.208025475914897,-0.32976333440498573,-0.2569641349512097,-0.36010211191058356,-0.6499070335243468,0.035053772506891956,-0.4158374245502162,-0.1473435748852895,-0.5021361061557477,0.08017563922076049,2.88373954267136,-0.16007693231797693,-0.02494967625828202,-0.5074030682266776,0.07428438097354621,-0.3163894196413275,-0.10939951240859037,-0.42038788766864554,2.2701057136319056,0.335651659250948,-0.5113299046330582,-0.42101806305507555,-0.5034194831344909,0.01718637407960133,-0.23457452413207894,0.3463748299434912,-0.34195921431085013,-0.3273279742448219,-0.386418690573055,-0.4445702879352296,-0.40594013397596446,-0.4979613159200155,-0.29231412766095394,-0.3907805914445176,3.3183841231231503,-0.41833604462901713,-0.4563076983530886,-0.41929726521204647,-0.8441874538569117,-0.40112010876494164,0.15335669784628347,0.13704383751922516,0.8834358910976656,-0.8597355393090597,0.6724471820407798,1.017904670630568,-0.11621800373985072,0.2676685563833489,0.29686331736985805,-0.22206141295205617,-0.2853139223837535,-0.18700910361414744,-0.04237624870896499,0.15859226593852074,0.7767205178851155,0.5684776727751553,2.389135764683407,0.04581346698901513,1.3481461083586472,-0.3367217481597713,3.304351177724381,0.32130088825964986,-0.3837551103860686,1.4064239566328907,0.3881976064875637,0.2855475791741562,0.28786040812101704,-0.36983785377124373,-0.4967579872803087,-0.3938201440704539,-0.051112478156309114,1.1756227004327353,-0.4814998658870924,1.1928198613963679,0.7741057207012522,0.17900385122637216,-0.5467306637301326,-0.42257996119703717,0.5901152529643292,-0.21363485041974392
back_end_.JavaScript,-0.7496864794307683,-0.48769233309745824,-0.03200056896004963,-0.46418817188197453,0.06719740737582491,-0.5629171228394272,-0.5830859175933433,0.4534538448680291,0.34322181106471816,0.18185060565372357,-0.5459064911785486,1.063112607965453,0.7631163726604951,0.43365066346442727,-0.4285328686200568,0.677156735648974,0.30356535320660355,0.8052248383026336,0.12260936948701752,0.33351585375079196,1.2309900360896657,-0.4725953287063605,0.33312739226116617,-0.6723085239849439,-0.07959701093584354,-0.5599669904943473,-0.12152791968264745,-0.3039119469169055,0.7550052942238245,-0.7674975313500718,0.002572960653585401,-0.4501539320147374,-0.4792171558497522,0.7936925863548253,0.10664379292931468,-0.34747641970180604,0.7665425061526031,0.028427385588246597,0.05091599601124164,-0.13367623397499287,1.6372721358006943,-0.4724928398270285,0.7005673852069209,0.3635965968769379,0.7483345535716486,0.19881256845075831,1.0136063857274416,1.044369092178741,0.4472229684002886,0.13132736362701197,0.8184564582568361,0.12938149881032596,1.9458652660783522,0.7507419376400785,0.9289408898619504,0.21363641130891683,1.2065715784811242,1.4463120572819743,0.19255374566413996,1.1425715428934264,-0.1907365030073423,1.1711847867697616,0.45142596881082875,0.7540789335342004,1.4120108572251144,0.17881430625120298,0.9154385425818368,0.7330319648085761,0.20975330605993459,0.808811701577228,-0.2784274168271123,0.05313914223693523,-0.2396560486954164,0.2584427499146831,0.3926191834487688,1.06363687825164,0.8933855946669221,0.1571370889558527,1.5084013423509686,0.3513553654770159,0.7143326844835151,1.7116116804695913,0.26529560222612053,1.5021957551244551,-0.07600688822429694,0.8041896274077595,1.054885281852007,1.0153410461240095,1.8132127324697846,1.0077132041622217,1.0775982542914175,0.629821602591015,1.4843864396781865,1.155860101449233,1.0041252654554522,1.05952087642457,0.877447857119744,0.6085716163366764,0.10653739506109684,0.7644892352932701,-0.22614398628906876,0.37843039056818534,0.22737506966147072,0.8971662148796642,0.24327396634634813,-0.35916211702726875,-0.23649185684596266,-0.3626788028659116,0.5346011035368515,-0.41319120425643435,-0.4927970439519168,-0.446588922403962,-0.5452931870832447,0.7191294142912062,-0.42935073596345413,0.7008117544367299,-0.435878470949328,-0.4607360517259728,-0.4763179307747703,-0.43371600991626863,-0.0759572166800481,0.0006592829696305032,0.03486447214011306,1.2058809628987184,0.08283812641360448,1.2276254784688325,0.7787805721110573,0.3343424990168531,0.2899306609654064,0.3060476724260793,-0.0968960604844513,-0.15881312038447398,1.6154032075455889,1.8486085602081876,0.016355437239618558,0.5653991587497539,-0.356604150899493,0.12941154604574506,-0.4628359685691839,0.710245136274616,-0.44969492655160237,0.45652563674227276,1.0765522704917208,0.33579956453491144,0.46272041687677,-0.06318646335539181,1.0090435657811994,-0.3656607029882636,-0.5183243787039686,-0.5657606857325281,-0.46673939751301413,0.4014927401816146,1.0406667851305478,-0.5398402058126744,0.8930932754513186,-0.16762950884679928,-0.021473915056676694,-0.04705097984422684,1.2504998281135666,1.2864156953093642,-0.05300836544574377
back_end_.NET,-0.35006535321577353,-0.20243452635317813,-0.788839004686399,-0.31730200241768114,3.0676913524588683,-0.1773374398559908,0.6655500233068773,-1.1601654614967283,1.4993512207919928,-0.23031490817480693,0.4531165775233724,-0.7271268338332401,-0.5112090066461712,3.581227008857581,-0.28400952506050287,-0.44377773190752595,-0.4053950001139871,0.24530556279492846,-0.7403942543205263,-0.3013856218519167,0.12522005281492127,-0.48598614666154616,-0.352742709578285,-1.119926630103958,-0.5129384059979125,-0.38563116268721404,-1.039051192705127,-0.30673496563620595,-0.3266119051184637,-0.5937292494950632,2.7509728092370596,-1.0073965645929575,-0.4556917873541799,-0.9811471288087718,-0.6965375726759327,-0.4949035137240746,1.1687485914048803,-0.49487029189749643,-0.26046802060912655,-0.32208119053458784,0.27115301151611276,1.2011723280396687,-0.09105299871635816,-0.5470782024891889,-0.38769823450641144,0.2945098484127738,-0.12505548233796399,0.175783819458874,-0.30223051694864783,0.5609202932942002,-0.29807242428702546,2.9766934751189496,0.037953259328789776,-0.18217009106867016,-0.08106268459668055,0.8572599684451424,-0.38894322133076564,0.19003931071299032,0.353282964880793,-0.44671513443950617,-0.5840159283802713,-0.900850821126044,-0.34585618486251823,-0.9243446760743395,-0.6518756840042005,-0.9349044616806208,-0.8765936582134375,-0.26276004985327833,3.0323710339678493,-0.7169865708714136,-0.7583651299011339,-0.15095043587627158,0.5389456049671318,2.9310286026289414,3.1754351852137503,0.9866471863357515,0.861266517759175,2.962766841991214,-0.5271125219908089,-0.8487259186901135,-0.3733773241324443,-0.4343642146987482,-0.8152938386917764,-0.5378742571246415,-0.8374915919897795,-0.7200939506846058,-0.3441538733502154,-0.5704668642494418,-0.2318704830030892,-0.49120878980229454,-0.8767315407364644,-0.7171316645053464,-0.1977998020044245,-0.8549149923020518,-0.47110741809453144,-0.5018874076705413,-0.12385940970666184,0.5644826621162394,3.2738173655822007,0.051707690829460494,-0.34201135079573375,-0.4179409195560255,-0.27880780803161836,-0.20176145232594314,-0.13127198748473698,-0.3542043561832057,-0.3031951251253042,-0.4561578418587719,-0.1237409521130272,-0.46056711486252205,-0.6192553806415289,-0.5706440625786107,-0.41262646431621813,-0.24204682653160967,-0.5073433014081866,-0.23139286088393995,-0.5178446994317014,-0.4767615637989794,-0.5017488371040051,1.885728633775897,2.439155774014154,-0.5119707084204398,-0.28506272577485053,0.01117357632478761,-0.7025084868757544,-1.4568177315811648,0.1024025922467199,0.09973094011526429,-0.34535906146236817,-0.19349690793466667,0.2653320807212764,-0.03996702899440853,-0.4788102634234795,0.039613318608951696,-0.14267293551923502,-1.1184880263253123,-0.377630900380018,0.14734201857722326,-1.3294551213958885,-0.24616502240011293,-0.541488576484422,-0.41050139149550774,-1.1073177408692716,-1.344686996636472,0.5958698579727159,2.3414350280654346,-0.3758494535487799,-0.6953711413205008,-0.28739178933843335,0.370789799464005,-0.40514212269395844,2.7982253606037024,-0.3609723947028994,-0.4475952258361849,-1.1556740466442794,-1.3461503526182002,-0.9511318717201829,2.986914644692115,1.258454587454536,-0.2814211237979273,-0.3573360224552754
back_end_C++,-0.20584570115797501,0.7823292410658843,1.2047114777776864,1.3770450410318766,-0.2527327979098077,1.432092313148314,1.1137844030132822,1.0306918057587502,1.655236080185603,-0.24490628286336139,-0.2581429787371648,1.46713295723083,2.10754845915021,0.19930426466146486,-0.13317329165884226,0.9363251301390256,0.6115204537196618,-0.24355277674663828,1.522983599856147,0.5706284966233316,-0.09711408223486527,-0.2995926823680018,0.1772606762517762,1.0199836797039115,1.0011508145954593,-0.09248294739367618,1.2749941509161047,-0.0872622094514164,0.2229966870743146,2.2384040895704223,-0.2343153177316447,0.34691886647279124,-0.35254981215866,1.0496717812738605,1.148448627557884,-0.5132431467487399,0.31310786057615947,0.5688405207137693,-0.13139685167535087,-0.24235973429612673,-0.26669039808579587,-0.3041636659364507,0.8653436653234752,-0.5205260693202979,0.12445808216302952,1.010799737529989,0.22991493410883423,0.5951266342215118,-0.3314048804376004,0.18921374860152476,0.4932870429140741,-0.36269459849748376,0.06319885054138427,0.20716345692286847,0.22704751218031727,0.44194551461155407,0.8298342837080503,0.7755604830375545,0.7317321958700046,0.5235449042507836,0.7163838409042707,0.4561661234464212,-0.36411058325855267,0.1408982958251055,0.16199476511726676,-0.1252139523560607,1.0423001159285152,0.5810715943509144,-0.382677019017877,0.6985063524129319,0.5013906337239021,0.4134709342771019,0.6836189664908544,-0.2938155335086528,-0.2932710220378192,-0.35815238459610566,-0.15119895930029575,-0.3000233057942719,0.17782746599348728,0.4702494514161886,0.7405259029293906,-0.14543201259267424,0.36743864192134135,-0.06083123052031301,0.4322722510601544,-0.28568952327699865,0.11752595782564718,-0.33845823376828754,-0.16540159426191708,-0.26051391786178185,1.592936920180894,0.9003650809627876,-0.24465414379647638,1.0597408242348247,-0.22138045830612324,0.5862979721195244,-0.13733438744845625,-0.06880994842560594,-0.2429739887208507,0.8966284979171083,-0.012604192234476765,-0.6446027845129005,-0.6311638427727806,-0.1910241246663505,-0.3011396384285245,1.1482181927066335,0.05823760689302892,-0.25838382908306534,-0.658397775024183,-0.21920689920652353,-0.13798905853144328,-0.14717295245423226,0.43071627832201503,-0.44165359706994206,-0.23596742690588243,0.6362804821286384,-0.2456377499537414,-0.4099932114046449,-0.2093454003856101,-0.5817062182467799,-0.35050950938075665,0.3878640291645661,0.19998288747690865,0.748463847612208,-0.3960029679931597,0.6542567846766408,0.6146071135696568,0.022078999922541143,0.36145427283166814,0.1599901232460815,-0.19439808453545007,-0.1018512358110664,-0.1224797788991554,-0.1540695858784644,-0.18076702083180163,0.7441140138007948,1.543231443551926,0.6996781905062636,1.024152341092924,1.0370652429172647,-0.10699868458082588,0.46512001479095405,0.7068152901597781,1.9684492964495366,0.660067656529788,0.04668096541324325,0.4319505838506035,0.3614173855450977,0.4727632441325088,-0.2537261319930877,-0.3462082874603236,-0.1080331291410579,0.8237350650956702,-0.26477495019979314,1.16387885592634,0.7346018980778569,3.714580836703363,-0.19867868748302028,-0.19588872217380424,-0.26362598833782347,-0.2242442244066494
back_end_python,-0.5292004193175239,-0.08013583932641186,0.6002158404503062,0.1043741045945684,-0.24858610898452127,0.051194156366815714,0.5764807822664927,0.35972520728495505,0.5579298872572562,-0.021593877659436923,-0.25621564565075433,0.8135693265253096,0.9510250200940369,0.04771495017932783,-0.2917927381405922,0.8942150882612154,0.3055279488429198,-0.11270490765582943,0.6393205733871052,0.2529688390933029,0.014360321273374985,-0.30671206738008105,0.16816003782822364,0.4028048081676518,0.2905994078289606,-0.2619207308487857,0.3186687968622232,-0.25470163471151974,0.18075820685193342,0.8293547723425861,-0.1865311296932714,1.8916562035783107,-0.2816055577302696,0.45755360693326086,0.5700282066020813,-0.4375535361747387,0.5739846079005644,0.41032858385743004,-0.11251567220920136,-0.19034889394958582,-0.15679980613290434,-0.2858173261030341,0.7886693091123956,-0.13619745104754644,0.2348304979814079,0.7180926270516343,0.5799237751653784,0.7587337936013707,-0.0861462956408973,0.09379333081989039,0.4847615744742403,-0.1691403009851497,0.4142703461953965,0.3853041933750972,0.49723789993177214,0.1666431765099469,1.2564374679083756,1.0750249701350008,2.914835389516176,0.7690225390701322,0.3438055218286879,0.7084385096116339,-0.1039062438930544,0.6554360372507331,0.5964367696242181,0.12017962084091086,1.1466792614949108,0.3970112979414188,-0.1533130984892111,0.586401043373708,0.2991301141930104,0.09707107470358461,0.2604053332760312,-0.24346338424806732,-0.16242772070168582,-0.22363267816779506,-0.11456901994662565,-0.13556837117152554,0.04980566764237481,2.4778132005030917,0.20003039654008015,-0.012780764754383478,2.1814221452042304,-0.03682831952012296,1.9102070236650013,-0.11587769306560143,0.3223139159701383,-0.17473059859498272,-0.08710857341235341,-0.0758850801434093,0.7172777727492623,0.5923346041604298,-0.0806278572352198,0.49518642448738615,0.00544614841770803,0.4850153258210148,0.02403659257809677,-0.004510256018006337,-0.23172809557793483,0.7581282299232445,0.2049560154052473,-0.36619341644988396,-0.37591320982867676,-0.16899874295575096,0.027083862474023654,0.46096976682512586,0.15062538700774072,-0.020885282087418862,-0.37626158794467485,0.0003323695509010574,0.3172299845776593,0.3850571238784769,0.08397512995526078,-0.24709004752672745,0.019099481590437752,0.345456852583299,0.035334453865397755,-0.375342441435909,0.022690700048775478,-0.19987706040731587,-0.17504473586872688,0.35735888630274015,0.10832009622002524,0.9258619248048912,-0.2903648407885627,0.6133910868720854,0.6354690249631506,-0.007591249512000713,0.17137373860003405,0.2556787229631334,-0.20943042741413534,-0.23464675379447397,-0.043628811559246604,-0.03886599241095158,-0.06269608269290694,0.542462283017078,0.612413021800494,0.15897379951867457,0.5833527812688225,1.246480600577061,0.3224320395533369,0.3761411168511451,1.1187701358530735,0.8586826415832707,0.11866138161191046,-0.1492021454181174,0.4534476933095995,2.330676391605386,-0.03440077978412904,-0.2533621462696673,-0.276284387037442,0.005173009616405068,0.828913107240181,-0.0763805720538168,1.257606427449926,0.6890541960357462,0.6186994810429943,-0.29520804941831974,0.259298389254058,0.05508933458515607,-0.19352884827954978
back_end_PHP,-0.5917289207195955,-0.41004143400281345,-0.28729097483183874,-0.34748757977740097,-0.11245601861245605,-0.48604151869529955,0.30179831056421397,-0.6558059009149456,0.38695226074112504,0.07234773267004412,-0.09458982838164547,0.4689840020884351,0.4075787311357041,-0.6395230935139207,-0.3673974516480644,0.32544323432966404,0.1946475036846948,0.7038832037895449,-0.8141587624792382,0.5109472519439598,0.780277236818097,-0.48375376383850427,0.11408593937113089,-0.7874975830558997,-0.2884713109078268,-0.43347373501231296,-0.8240417815845803,-0.27409718605151445,2.588663829375933,0.6214494507601475,-0.27057917855601205,-0.5057443322151356,-0.438817181940099,0.7395634319680237,-0.6673152983750981,-0.2892509046871641,1.1518990925080068,-0.12798821918258363,-0.1224202236210451,-0.2220950676301757,0.11453484907843989,0.07886418689247933,0.6985839966841223,-0.1598198973545256,0.634173211288909,0.27163120572189353,0.32884262545855814,0.9367706857624862,0.2307744556290285,0.36832180316637175,2.9178452266563513,0.11013809561520999,0.8620493173222118,2.8968608327287813,0.38680218711205794,0.8669921910700238,0.5215073275502491,1.1049806299970852,0.6043007544588275,0.6319730205408187,0.0005137881608000146,1.1390913488189338,0.12988791070477773,0.3086484158400366,0.8613246113986945,-0.322679554428181,0.8549470844688786,2.0170970862476385,-0.11833255425714753,1.1474503814767514,-0.05554614285841317,0.26000605104821334,0.8528883470216623,0.2650633167468943,0.08297855267857494,0.3885404585875126,0.8879224306295223,0.09108740695626405,0.02048324590398415,0.5669956243260971,2.4088826902307874,0.380424192592348,0.07242123646039525,0.4155400524079496,0.0031543521147229113,0.047335884666218145,2.54592535601743,0.07895899755890032,0.3946780929043381,1.0385721924404703,0.6046604064230661,0.4960395790757151,0.16210540444300336,1.0497412005803992,0.09381794035089995,2.93317585707657,1.6113927257210678,1.9220506712897312,-0.06669609416524847,0.5508343734629083,-0.19194219529329112,-0.06253017753322503,0.1485342333537005,0.05455063627328137,0.10257358341864593,-0.21389773010625154,-0.12821430358104524,-0.3838819449148596,0.18280218457646152,-0.42251868190492986,-0.5249414096048293,-0.4557401494874285,-0.4395900177194526,0.06333183351324215,-0.43657592898923825,0.8180247035590994,-0.4514975159861915,-0.46473371782276773,-0.4618371210107999,-0.3737976457757071,0.08191199565807633,-0.01003989280332526,0.0541509639257939,0.6232867848006722,-0.05782647977199472,0.32267507630799885,0.32572199059972323,-0.21920284750343308,0.25531424127897595,-0.11390042281135483,-0.18119861039495694,-0.21828564839722087,0.35532899635430676,0.5084958787154286,0.06124511436144322,1.4618453837086482,-0.27695006536055056,0.843487712155071,-0.7505199490484552,0.6330622776441991,-0.43748833261393394,0.45901131974419374,0.9327553683760832,-0.628516756310644,1.5536791481192795,0.4613110091417865,2.9107977299385217,-0.02646630420368111,-0.35999651397118326,-0.2127650433795903,-0.4309351404750035,-0.13110957515083652,1.4528111854879247,-0.39690668757911185,2.2805962916750375,1.037337204588316,-0.08901340612041257,-0.12150651736251167,0.2799564565403377,0.46528908599607877,-0.18530549262571544
